River;41;Santiago Beltrán;Portero;04/10/2004;21;Argentina / Italia;1,91m;Izquierdo;01/01/2025;CA River Plate II;31/12/2027;11,00 mill. €
River;33;Ezequiel Centurión;Portero;20/05/1997;29;Argentina / Italia;1,84m;Derecho;01/01/2022;CA River Plate II;31/12/2026;1,20 mill. €
River;13;Lautaro Rivero;Defensa central;01/11/2003;22;Argentina;1,85m;Izquierdo;01/01/2024;CA River Plate II;31/12/2029;6,00 mill. €
River;28;Lucas Martínez Quarta;Defensa central;10/05/1996;30;Argentina / Italia;1,83m;Derecho;15/01/2025;Fiorentina;31/12/2028;3,80 mill. €
River;2;Tobías Ramírez;Defensa central;11/11/2006;19;Argentina;1,85m;Derecho;31/03/2026;AA Argentinos Juniors;31/12/2029;3,50 mill. €
River;5;Juan Carlos Portillo;Defensa central;18/05/2000;26;Argentina;1,82m;Derecho;24/07/2025;CA Talleres;31/12/2028;3,20 mill. €
River;30;Nicolás Otamendi;Defensa central;12/02/1988;38;Argentina;1,82m;Derecho;01/07/2026;SL Benfica;31/12/2027;1,00 mill. €
River;31;Facundo González;Defensa central;03/04/2006;20;Argentina;1,80m;Izquierdo;01/01/2026;CA River Plate II;31/12/2028;300 mil €
River;3;Francisco Ortega;Lateral izquierdo;19/03/1999;27;Argentina;1,77m;Izquierdo;06/08/2026;Olympiacos El Pireo;31/12/2029;7,00 mill. €
River;21;Marcos Acuña;Lateral izquierdo;28/10/1991;34;Argentina;1,72m;Izquierdo;20/08/2024;Sevilla FC;31/12/2027;1,00 mill. €
River;29;Gonzalo Montiel;Lateral derecho;01/01/1997;29;Argentina / España;1,75m;Derecho;20/01/2025;Sevilla FC;31/12/2028;4,50 mill. €
River;20;Giovanni González;Lateral derecho;20/09/1994;32;Uruguay / Italia;1,73m;Derecho;01/07/2026;FK Krasnodar;31/12/2027;2,00 mill. €
River;6;Aníbal Moreno;Pivote;13/05/1999;27;Argentina;1,77m;Derecho;14/01/2026;SE Palmeiras;31/12/2027;7,00 mill. €
River;15;Fausto Vera;Pivote;26/03/2000;26;Argentina;1,80m;Derecho;14/01/2026;Clube Atlético Mineiro;31/12/2026;4,50 mill. €
River;44;Lucas Silva;Pivote;26/02/2007;19;Argentina;1,79m;Derecho;01/07/2026;CA River Plate II;31/12/2028;300 mil €
River;50;Tobías Andrada;Mediocentro;02/02/2007;19;Argentina;1,79m;Derecho;31/07/2026;CA Vélez Sarsfield;31/12/2030;10,00 mill. €
River;8;Mauro Arambarri;Mediocentro;30/09/1995;30;Uruguay / España;1,75m;Derecho;01/07/2026;Getafe CF;31/12/2028;6,00 mill. €
River;25;Lautaro Pereyra;Mediocentro;28/03/2008;18;Argentina;1,76m;Derecho;01/07/2026;CA River Plate II;31/12/2028;700 mil €
River;23;Thiago Almada;Mediocentro ofensivo;26/04/2001;25;Argentina / Italia;1,71m;Derecho;08/08/2026;Atlético de Madrid;31/12/2029;20,00 mill. €
River;26;Tomás Galván;Mediocentro ofensivo;11/04/2000;26;Argentina;1,72m;Derecho;01/01/2022;CA River Plate II;31/12/2028;4,00 mill. €
River;24;Juan Cruz Meza;Mediocentro ofensivo;14/03/2008;18;Argentina;1,83m;Derecho;01/07/2025;CA River Plate II;31/12/2028;1,80 mill. €
River;10;Ángel Correa;Mediapunta;09/03/1995;31;Argentina / España;1,71m;Derecho;24/07/2026;Tigres UANL;31/12/2029;8,00 mill. €
River;18;Lucas Beltrán;Delantero centro;29/03/2001;25;Argentina / Italia;1,76m;Derecho;02/07/2026;Fiorentina;30/06/2027;8,00 mill. €
River;9;Sebastián Driussi;Delantero centro;09/02/1996;30;Argentina / Italia;1,79m;Ambidiestro;17/01/2025;Austin FC;31/12/2028;4,50 mill. €
River;19;Rafael Santos Borré;Delantero centro;15/09/1995;31;Colombia;1,74m;Derecho;04/07/2026;Sport Club Internacional;31/12/2029;3,50 mill. €
River;32;Agustín Ruberto;Delantero centro;14/01/2006;20;Argentina;1,83m;Derecho;01/01/2024;CA River Plate II;31/12/2027;1,70 mill. €
Boca;1;Álvaro Montero;Portero;29/03/1995;31;Colombia;2,01m;Derecho;17/07/2026;CA Vélez Sarsfield;30/06/2030;2,50 mill. €
Boca;12;Leandro Brey;Portero;21/09/2002;24;Argentina;1,91m;Derecho;08/02/2022;CA Los Andes;31/12/2029;1,50 mill. €
Boca;-;Agustín Marchesín;Portero;16/03/1988;38;Argentina / Italia;1,88m;Derecho;21/01/2025;Grêmio Foot-Ball Porto Alegrense;31/12/2026;500 mil €
Boca;30;Javier García;Portero;29/01/1987;39;Argentina;1,80m;Derecho;20/08/2020;Racing Club;31/12/2026;25 mil €
Boca;2;Lautaro Di Lollo;Defensa central;10/03/2004;22;Argentina / Italia;1,87m;Derecho;01/01/2024;CA Boca Juniors II;31/12/2029;7,00 mill. €
Boca;32;Ayrton Costa;Defensa central;12/07/1999;27;Argentina;1,79m;Izquierdo;16/01/2025;Royal Amberes FC;31/12/2028;5,00 mill. €
Boca;42;Facundo Herrera;Defensa central;11/07/2006;20;Argentina;1,80m;Derecho;01/07/2026;CA Boca Juniors II;31/12/2028;5,00 mill. €
Boca;26;Marco Pellegrino;Defensa central;18/07/2002;24;Argentina / Italia;1,84m;Izquierdo;10/06/2025;AC Milan;30/06/2029;3,50 mill. €
Boca;46;Matías Satas;Defensa central;28/02/2008;18;Argentina;1,84m;Izquierdo;;;31/12/2029;1,00 mill. €
Boca;4;Nicolás Figal;Defensa central;03/04/1994;32;Argentina;1,80m;Derecho;24/01/2022;Inter Miami CF;31/12/2027;250 mil €
Boca;3;Lautaro Blanco;Lateral izquierdo;19/02/1999;27;Argentina;1,76m;Izquierdo;31/01/2024;Elche CF;31/12/2028;4,00 mill. €
Boca;27;Malcom Braida;Lateral izquierdo;17/05/1997;29;Argentina / Italia;1,75m;Derecho;10/06/2025;CA San Lorenzo de Almagro;31/12/2028;2,50 mill. €
Boca;17;Leandro Lozano;Lateral derecho;19/12/1998;27;Uruguay;1,70m;Derecho;01/07/2026;AA Argentinos Juniors;31/12/2030;4,00 mill. €
Boca;24;Dylan Gorosito;Lateral derecho;03/02/2006;20;Argentina;1,73m;Derecho;01/07/2026;CA Boca Juniors II;31/12/2030;3,50 mill. €
Boca;18;Milton Delgado;Pivote;16/06/2005;21;Argentina;1,66m;Derecho;01/01/2024;CA Boca Juniors II;31/12/2029;10,00 mill. €
Boca;25;Santiago Ascacíbar;Pivote;25/02/1997;29;Argentina / Italia;1,69m;Derecho;27/01/2026;Club Estudiantes de La Plata;31/12/2029;5,50 mill. €
Boca;5;Leandro Paredes;Pivote;29/06/1994;32;Argentina;1,82m;Derecho;10/07/2025;AS Roma;31/12/2028;5,00 mill. €
Boca;8;Tomás Belmonte;Pivote;27/05/1998;28;Argentina / Italia;1,81m;Derecho;01/07/2024;Deportivo Toluca FC;31/12/2028;3,00 mill. €
Boca;23;Camilo Rey Domenech;Pivote;10/03/2006;20;Argentina;1,78m;Derecho;01/01/2025;CA Boca Juniors U20;31/12/2029;1,20 mill. €
Boca;6;Rodrigo Battaglia;Pivote;12/07/1991;35;Argentina / Italia;1,87m;Derecho;21/01/2025;Clube Atlético Mineiro;31/12/2027;500 mil €
Boca;15;Williams Alarcón;Mediocentro;29/11/2000;25;Chile / Argentina;1,82m;Derecho;27/01/2025;CA Huracán;31/12/2028;2,80 mill. €
Boca;-;Juan Ramírez;Mediocentro;25/05/1993;33;Argentina;1,74m;Izquierdo;30/07/2021;CA San Lorenzo de Almagro;31/12/2026;150 mil €
Boca;10;Tomás Aranda;Mediocentro ofensivo;09/05/2007;19;Argentina;1,72m;Derecho;01/01/2026;CA Boca Juniors II;31/12/2029;12,00 mill. €
Boca;7;Carlos Palacios;Mediocentro ofensivo;20/07/2000;26;Chile;1,80m;Derecho;01/01/2025;CSD Colo-Colo;31/12/2029;3,00 mill. €
Boca;22;Sebastián Villa;Extremo izquierdo;19/05/1996;30;Colombia;1,79m;Derecho;17/07/2026;CS Independiente Rivadavia;31/12/2030;6,00 mill. €
Boca;20;Alan Velasco;Extremo izquierdo;27/07/2002;24;Argentina;1,67m;Derecho;23/01/2025;FC Dallas;31/12/2028;2,80 mill. €
Boca;19;Leonel Flores;Extremo derecho;06/02/2007;19;Argentina;1,77m;Derecho;01/07/2026;CA Boca Juniors II;31/12/2029;8,00 mill. €
Boca;11;Ángel Romero;Extremo derecho;04/07/1992;34;Paraguay;1,76m;Derecho;27/01/2026;SC Corinthians;31/12/2026;300 mil €
Boca;16;Miguel Merentiel;Delantero centro;24/02/1996;30;Uruguay / Argentina;1,76m;Derecho;01/01/2024;SE Palmeiras;31/12/2027;4,50 mill. €
Boca;28;Adam Bareiro;Delantero centro;26/07/1996;30;Paraguay / Argentina;1,80m;Derecho;21/02/2026;Fortaleza Esporte Clube;31/12/2028;3,50 mill. €
Boca;9;Milton Giménez;Delantero centro;12/08/1996;30;Argentina / Paraguay;1,84m;Derecho;07/07/2024;CA Banfield;31/12/2027;2,00 mill. €
Boca;13;Enner Valencia;Delantero centro;04/11/1989;36;Ecuador;1,77m;Derecho;09/08/2026;CF Pachuca;31/12/2027;1,00 mill. €
Rosario Central;23;Conan Ledesma;Portero;13/02/1993;33;Argentina / Italia;1,83m;Derecho;14/01/2026;CA River Plate;31/12/2026;1,50 mill. €
Rosario Central;1;Axel Werner;Portero;28/02/1996;30;Argentina / Italia;1,91m;Derecho;12/07/2026;Elche CF;30/06/2027;400 mil €
Rosario Central;38;Damián Fernández;Portero;28/04/2004;22;Argentina;1,88m;Derecho;01/01/2024;CA Rosario Central II;-;-
Rosario Central;46;Ignacio Ovando;Defensa central;29/06/2007;19;Argentina;1,82m;Derecho;01/01/2026;CA Rosario Central II;-;9,00 mill. €
Rosario Central;13;Gastón Ávila;Defensa central;30/09/2001;24;Argentina;1,82m;Izquierdo;14/01/2026;Ajax de Ámsterdam;31/12/2026;3,50 mill. €
Rosario Central;24;Juan Giménez;Defensa central;27/04/2006;20;Argentina;1,87m;Derecho;01/07/2024;CA Rosario Central II;-;2,00 mill. €
Rosario Central;15;Facundo Mallo;Defensa central;16/01/1995;31;Uruguay;1,86m;Derecho;01/01/2024;Defensor Sporting Club;-;1,00 mill. €
Rosario Central;2;Sebastián Zaracho;Defensa central;20/01/1999;27;Paraguay;1,87m;Izquierdo;01/07/2026;Club Guaraní;-;600 mil €
Rosario Central;6;Juan Cruz Komar;Defensa central;13/08/1996;30;Argentina / Italia;1,90m;Derecho;18/02/2022;CA Talleres;-;500 mil €
Rosario Central;47;Luca Raffin;Defensa central;13/01/2006;20;Argentina / Italia;1,86m;Derecho;01/01/2026;CA Rosario Central II;-;150 mil €
Rosario Central;3;Agustín Sández;Lateral izquierdo;16/01/2001;25;Paraguay / Argentina;1,84m;Izquierdo;21/08/2023;CA Boca Juniors;-;2,50 mill. €
Rosario Central;33;Alexis Soto;Lateral izquierdo;20/10/1993;32;Argentina;1,76m;Izquierdo;19/01/2026;CSD Defensa y Justicia;31/12/2026;1,20 mill. €
Rosario Central;32;Emanuel Coronel;Lateral derecho;01/02/1997;29;Argentina;1,74m;Derecho;07/02/2024;CA Banfield;-;2,70 mill. €
Rosario Central;4;Ulises Ciccioli;Lateral derecho;02/07/2003;23;Argentina;1,73m;Derecho;01/01/2024;CA Rosario Central II;-;400 mil €
Rosario Central;42;Elías Verón;Lateral derecho;03/07/2007;19;Argentina;-;Derecho;;;-;100 mil €
Rosario Central;5;Franco Ibarra;Pivote;28/04/2001;25;Argentina;1,75m;Derecho;20/01/2025;Atlanta United FC;-;6,00 mill. €
Rosario Central;20;Vicente Pizarro;Pivote;05/11/2002;23;Chile;1,72m;Izquierdo;14/01/2026;CSD Colo-Colo;-;4,50 mill. €
Rosario Central;31;Federico Navarro;Pivote;09/03/2000;26;Argentina;1,71m;Derecho;26/01/2025;Chicago Fire FC;-;2,00 mill. €
Rosario Central;88;Alan Rodríguez;Mediocentro;25/01/2000;26;Uruguay / Italia;1,74m;Derecho;05/08/2026;Sport Club Internacional;30/06/2027;2,30 mill. €
Rosario Central;28;Pol Fernández;Mediocentro;11/10/1991;34;Argentina;1,76m;Derecho;26/01/2026;CD Godoy Cruz Antonio Tomba;-;350 mil €
Rosario Central;19;Santiago Segovia;Mediocentro ofensivo;26/03/2007;19;Argentina;1,70m;Derecho;01/01/2025;CA Rosario Central II;-;225 mil €
Rosario Central;8;Jáminton Campaz;Extremo izquierdo;24/05/2000;26;Colombia;1,66m;Izquierdo;24/01/2024;Grêmio Foot-Ball Porto Alegrense;-;5,50 mill. €
Rosario Central;26;Giovanni Cantizano;Extremo izquierdo;21/03/2007;19;Argentina;1,68m;Derecho;01/07/2025;CA Rosario Central II;-;3,50 mill. €
Rosario Central;10;Franco Cervi;Extremo izquierdo;26/05/1994;32;Argentina / Italia;1,66m;Izquierdo;18/07/2026;RC Celta de Vigo;-;600 mil €
Rosario Central;18;Julián Fernández;Extremo derecho;30/01/2004;22;Argentina;1,83m;Izquierdo;27/01/2026;New York City FC;31/12/2026;3,80 mill. €
Rosario Central;11;Ángel Di María;Extremo derecho;14/02/1988;38;Argentina / Italia;1,78m;Izquierdo;01/07/2025;SL Benfica;-;1,80 mill. €
Rosario Central;27;Gaspar Duarte;Extremo derecho;06/01/2003;23;Argentina;1,75m;Derecho;01/07/2024;CA Rosario Central II;-;650 mil €
Rosario Central;16;Tomás Badaloni;Delantero centro;02/05/2000;26;Argentina / Italia;1,87m;Izquierdo;14/07/2026;Club Necaxa;-;4,00 mill. €
Rosario Central;22;Enzo Copetti;Delantero centro;16/01/1996;30;Argentina;1,80m;Derecho;01/06/2024;Charlotte FC;-;2,20 mill. €
Rosario Central;9;Marco Ruben;Delantero centro;26/10/1986;39;Argentina / España;1,79m;Derecho;21/02/2026;inactivo;-;25 mil €
Racing;25;Facundo Cambeses;Portero;09/04/1997;29;Argentina / Italia;1,86m;Derecho;09/01/2024;CA Banfield;31/12/2027;5,00 mill. €
Racing;30;Matías Tagliamonte;Portero;19/02/1998;28;Argentina;1,93m;Izquierdo;01/01/2022;AMSD Atlético de Rafaela;31/12/2026;1,20 mill. €
Racing;1;Francisco Gómez;Portero;06/04/2004;22;Argentina;1,87m;Derecho;01/01/2025;Racing Club II;31/12/2027;-
Racing;3;Marco Di Césare;Defensa central;30/01/2002;24;Argentina / Italia;1,86m;Derecho;26/01/2024;AA Argentinos Juniors;31/12/2027;5,00 mill. €
Racing;23;Nazareno Colombo;Defensa central;20/03/1999;27;Argentina;1,82m;Derecho;22/08/2023;CSD Defensa y Justicia;31/12/2027;2,80 mill. €
Racing;2;Matías Pérez;Defensa central;03/03/1999;27;Argentina / Paraguay;1,81m;Derecho;28/08/2026;Club Cerro Porteño;31/12/2030;2,70 mill. €
Racing;38;Mateo Martínez;Defensa central;27/04/2008;18;Argentina;1,85m;Derecho;;;31/12/2030;800 mil €
Racing;6;Marcos Rojo;Defensa central;20/03/1990;36;Argentina;1,86m;Izquierdo;10/08/2025;CA Boca Juniors;31/12/2026;125 mil €
Racing;43;Gonzalo Escudero;Defensa central;01/04/2007;19;Argentina;1,87m;Izquierdo;01/01/2025;Racing Club II;31/12/2029;50 mil €
Racing;18;Alfonso Espino;Lateral izquierdo;05/01/1992;34;Uruguay / España;1,72m;Izquierdo;02/07/2026;Rayo Vallecano;30/06/2028;600 mil €
Racing;4;Ezequiel Cannavo;Lateral derecho;12/06/2002;24;Argentina / Italia;1,80m;Derecho;03/02/2026;CSD Defensa y Justicia;31/12/2026;3,00 mill. €
Racing;14;Juan Barinaga;Lateral derecho;10/10/2000;25;Argentina;1,76m;Derecho;29/08/2026;CA Boca Juniors;30/06/2027;2,80 mill. €
Racing;33;Leonel Pérez;Pivote;09/08/2004;22;Argentina;1,86m;Derecho;10/08/2026;Grêmio Foot-Ball Porto Alegrense;30/06/2027;5,50 mill. €
Racing;16;Ulises Ortegoza;Pivote;19/04/1997;29;Chile / Argentina;1,80m;Derecho;01/07/2026;CA Talleres;31/12/2029;1,80 mill. €
Racing;5;Matías Kranevitter;Pivote;21/05/1993;33;Argentina / Italia;1,79m;Derecho;06/07/2026;Fatih Karagümrük;30/06/2027;600 mil €
Racing;8;Alan Forneris;Pivote;28/01/2005;21;Argentina;1,84m;Derecho;01/07/2025;CA Colón;31/12/2029;600 mil €
Racing;20;Gastón Lodico;Mediocentro;28/05/1998;28;Argentina;1,73m;Derecho;13/08/2026;Instituto ACC;31/12/2029;3,80 mill. €
Racing;19;Ignacio Rodríguez;Interior izquierdo;22/02/2002;24;Argentina;1,76m;Izquierdo;17/01/2025;CA Banfield;31/12/2028;1,20 mill. €
Racing;21;Valentín Carboni;Mediocentro ofensivo;05/03/2005;21;Argentina / Italia;1,85m;Izquierdo;14/01/2026;Inter de Milán;31/12/2026;7,00 mill. €
Racing;10;Matko Miljevic;Mediocentro ofensivo;09/05/2001;25;Estados Unidos / Argentina;1,76m;Derecho;14/01/2026;CA Huracán;31/12/2029;4,00 mill. €
Racing;11;Matías Zaracho;Mediocentro ofensivo;10/03/1998;28;Argentina;1,71m;Derecho;17/01/2025;Clube Atlético Mineiro;31/12/2028;3,50 mill. €
Racing;24;Adrián Fernández;Mediocentro ofensivo;20/05/2001;25;Argentina;1,83m;Derecho;01/07/2025;CA San Telmo;31/12/2029;700 mil €
Racing;46;Alejandro Tello;Mediocentro ofensivo;08/02/2008;18;Argentina;1,84m;Derecho;01/07/2026;Racing Club II;31/12/2030;400 mil €
Racing;17;Tomás Conechny;Extremo izquierdo;30/03/1998;28;Argentina / Polonia;1,76m;Izquierdo;11/07/2025;Deportivo Alavés;31/12/2029;2,50 mill. €
Racing;7;Duván Vergara;Extremo izquierdo;09/09/1996;30;Colombia;1,77m;Derecho;06/07/2025;CD América de Cali;31/12/2028;1,80 mill. €
Racing;27;Leandro Córdoba;Extremo derecho;12/05/2005;21;Argentina;1,72m;Derecho;03/09/2026;CA Racing (Córdoba);31/12/2030;300 mil €
Racing;9;Adrián Martínez;Delantero centro;07/07/1992;34;Argentina;1,76m;Izquierdo;06/01/2024;Instituto ACC;31/12/2028;2,00 mill. €
Racing;32;Lautaro Díaz;Delantero centro;21/05/1998;28;Argentina;1,81m;Derecho;21/07/2026;Cruzeiro Esporte Clube;30/06/2027;1,50 mill. €
Racing;22;Elías Torres;Delantero centro;02/03/2001;25;Argentina;1,86m;Derecho;11/07/2025;CA Aldosivi;31/12/2029;850 mil €
Estudiantes LP;16;Fernando Muslera;Portero;16/06/1986;40;Uruguay / Italia;1,90m;Derecho;06/07/2025;Galatasaray;31/12/2026;700 mil €
Estudiantes LP;1;Fabricio Iacovich;Portero;29/01/2002;24;Argentina / Croacia;1,98m;Izquierdo;01/01/2024;Club Estudiantes de La Plata II;31/12/2027;500 mil €
Estudiantes LP;12;Rodrigo Borzone;Portero;21/10/2004;21;Argentina;1,91m;Derecho;01/01/2026;Club Estudiantes de La Plata II;31/12/2026;-
Estudiantes LP;24;Tomás Palacios;Defensa central;28/04/2003;23;Argentina;1,96m;Izquierdo;27/01/2026;Inter de Milán;31/12/2026;8,00 mill. €
Estudiantes LP;4;Santiago Núñez;Defensa central;29/04/2000;26;Argentina;1,86m;Derecho;27/01/2025;Santos Laguna;31/12/2028;2,00 mill. €
Estudiantes LP;14;Leandro González Pírez;Defensa central;26/02/1992;34;Argentina / Portugal;1,85m;Derecho;11/07/2025;CA River Plate;30/06/2027;350 mil €
Estudiantes LP;35;Valente Pierani;Defensa central;22/02/2006;20;Argentina / Italia;1,88m;Derecho;01/01/2025;Club Estudiantes de La Plata II;31/12/2027;200 mil €
Estudiantes LP;26;Ramiro Funes Mori;Defensa central;05/03/1991;35;Argentina / Estados Unidos;1,87m;Izquierdo;22/02/2025;CA River Plate;31/12/2026;25 mil €
Estudiantes LP;15;Santiago Arzamendia;Lateral izquierdo;05/05/1998;28;Paraguay / Argentina;1,72m;Izquierdo;25/07/2024;Cádiz CF;31/12/2027;2,30 mill. €
Estudiantes LP;13;Gastón Benedetti;Lateral izquierdo;29/03/2001;25;Argentina;1,75m;Izquierdo;01/01/2023;Club Estudiantes de La Plata II;31/12/2027;2,00 mill. €
Estudiantes LP;36;Joaquín Pereyra;Lateral izquierdo;16/06/2005;21;Argentina;1,80m;Izquierdo;01/01/2026;Club Estudiantes de La Plata II;31/12/2027;25 mil €
Estudiantes LP;40;Eros Mancuso;Lateral derecho;17/04/1999;27;Argentina;1,71m;Derecho;22/01/2026;Fortaleza Esporte Clube;31/12/2026;2,80 mill. €
Estudiantes LP;20;Eric Meza;Lateral derecho;08/04/1999;27;Argentina;1,75m;Derecho;03/01/2024;CA Colón;31/12/2027;2,50 mill. €
Estudiantes LP;39;Jalil Elías;Pivote;25/04/1996;30;Siria / Argentina;1,75m;Derecho;02/09/2026;CA Tigre;31/12/2027;1,80 mill. €
Estudiantes LP;8;Gabriel Neves;Pivote;11/08/1997;29;Uruguay;1,71m;Derecho;20/07/2024;São Paulo FC;31/12/2027;1,30 mill. €
Estudiantes LP;21;Ezequiel Piovi;Pivote;20/08/1992;34;Argentina / España;1,70m;Derecho;28/01/2025;LDU Quito;31/12/2028;800 mil €
Estudiantes LP;22;Alexis Castro;Mediocentro;18/10/1994;31;Argentina;1,83m;Izquierdo;07/01/2025;Club Nacional;31/12/2026;1,20 mill. €
Estudiantes LP;52;Bautista Kociubinski;Mediocentro;26/04/2001;25;Argentina / Italia;1,81m;Derecho;01/01/2022;Club Estudiantes de La Plata II;-;350 mil €
Estudiantes LP;31;Baltasar Rodríguez;Mediocentro ofensivo;09/07/2003;23;Argentina;1,73m;Derecho;08/08/2026;Racing Club;30/06/2030;4,00 mill. €
Estudiantes LP;34;Miguel Monsalve;Mediocentro ofensivo;27/02/2004;22;Colombia;1,78m;Derecho;29/08/2026;Grêmio Foot-Ball Porto Alegrense;30/06/2027;3,50 mill. €
Estudiantes LP;7;José Sosa;Mediocentro ofensivo;19/06/1985;41;Argentina;1,81m;Derecho;09/08/2022;Fenerbahce;31/12/2026;50 mil €
Estudiantes LP;17;Joaquín Tobio Burgos;Extremo izquierdo;14/12/2004;21;Argentina;1,77m;Izquierdo;01/07/2024;Club Estudiantes de La Plata II;31/12/2026;3,20 mill. €
Estudiantes LP;18;Edwuin Cetré;Extremo izquierdo;01/01/1998;28;Colombia;1,74m;Derecho;31/01/2024;Independiente Medellín;31/12/2028;3,00 mill. €
Estudiantes LP;28;Brian Aguirre;Extremo izquierdo;06/01/2003;23;Argentina;1,75m;Derecho;27/01/2026;CA Boca Juniors;31/12/2026;3,00 mill. €
Estudiantes LP;10;Tiago Palacios;Extremo derecho;28/03/2001;25;Uruguay / Argentina;1,67m;Izquierdo;09/02/2024;Montevideo City Torque;31/12/2027;4,50 mill. €
Estudiantes LP;29;Fabricio Pérez;Extremo derecho;07/12/2005;20;Argentina;1,80m;Derecho;01/01/2025;Club Estudiantes de La Plata II;31/12/2027;3,50 mill. €
Estudiantes LP;32;Joaquín Correa;Mediapunta;13/08/1994;32;Argentina / Italia;1,88m;Derecho;07/08/2026;Botafogo de Futebol e Regatas;30/06/2028;1,50 mill. €
Estudiantes LP;19;Adolfo Gaich;Delantero centro;26/02/1999;27;Argentina / Italia;1,90m;Derecho;14/01/2026;CSKA Moscú;31/12/2028;1,00 mill. €
Estudiantes LP;9;Guido Carrillo;Delantero centro;25/05/1991;35;Argentina / Italia;1,87m;Derecho;10/01/2023;Henan FC;31/12/2026;300 mil €
Estudiantes LP;27;Lucas Alario;Delantero centro;08/10/1992;33;Argentina / Italia;1,85m;Derecho;15/01/2025;Sport Club Internacional;31/12/2026;250 mil €
Independiente Rivadavia;30;Nicolás Bolcato;Portero;06/05/2004;22;Argentina;1,85m;Derecho;01/01/2026;CS Independiente Rivadavia II;31/12/2026;3,00 mill. €
Independiente Rivadavia;12;Ramiro Macagno;Portero;18/03/1997;29;Argentina / Italia;1,85m;Derecho;07/01/2026;Levadiakos;31/12/2026;450 mil €
Independiente Rivadavia;21;Emmanuel Gómez Riga;Portero;14/09/2001;25;Argentina;1,86m;Derecho;14/01/2026;CA Alvarado;31/12/2026;100 mil €
Independiente Rivadavia;42;Sheyko Studer;Defensa central;12/11/2002;23;Argentina;1,92m;Derecho;01/01/2026;CA Talleres;31/12/2028;6,00 mill. €
Independiente Rivadavia;13;Alejo Osella;Defensa central;30/09/2000;25;Argentina;1,90m;;14/01/2026;Club Deportivo Armenio;31/12/2026;1,20 mill. €
Independiente Rivadavia;2;Leonard Costa;Defensa central;24/08/1998;28;Uruguay;1,85m;Derecho;01/01/2025;CA Boston River;31/12/2027;1,00 mill. €
Independiente Rivadavia;40;Iván Villalba;Defensa central;19/01/1995;31;Paraguay;1,82m;Derecho;05/07/2024;Sportivo Luqueño;31/12/2027;800 mil €
Independiente Rivadavia;6;Santiago Cena;Defensa central;16/03/2005;21;Argentina;1,86m;Derecho;14/01/2026;Sacachispas FC;31/12/2026;-
Independiente Rivadavia;3;Juan Elordi;Lateral izquierdo;21/08/1994;32;Argentina;1,76m;Izquierdo;14/01/2026;Racing Club;31/12/2026;400 mil €
Independiente Rivadavia;14;Luciano Gómez;Lateral derecho;22/03/1996;30;Argentina;1,64m;Derecho;03/07/2024;AA Argentinos Juniors;31/12/2026;700 mil €
Independiente Rivadavia;28;Alex Vigo;Lateral derecho;28/04/1999;27;Argentina;1,75m;Derecho;08/08/2026;CA Talleres;31/12/2028;600 mil €
Independiente Rivadavia;36;Ezequiel Bonifacio;Lateral derecho;09/05/1994;32;Argentina / Italia;1,68m;Derecho;01/07/2025;CA Banfield;31/12/2026;100 mil €
Independiente Rivadavia;8;Leonel Bucca;Pivote;20/03/1999;27;Argentina;1,90m;Izquierdo;06/07/2025;CF Estrela Amadora;31/12/2026;700 mil €
Independiente Rivadavia;34;Stefano Moreyra;Pivote;19/09/2001;25;Argentina;1,79m;Derecho;14/01/2026;Instituto ACC;31/12/2026;600 mil €
Independiente Rivadavia;32;Kevin Vázquez;Pivote;19/03/2001;25;Argentina;1,75m;Derecho;20/01/2026;CA Vélez Sarsfield;31/12/2026;225 mil €
Independiente Rivadavia;25;José Florentín;Mediocentro;05/07/1996;30;Paraguay;1,84m;Izquierdo;14/01/2026;CA Central Córdoba (SdE);31/12/2027;2,20 mill. €
Independiente Rivadavia;5;Tomás Bottari;Mediocentro;26/04/2001;25;Argentina;1,73m;Derecho;10/01/2025;CA Nueva Chicago;31/12/2028;1,80 mill. €
Independiente Rivadavia;10;Matías Fernández;Mediocentro ofensivo;23/06/2001;25;Argentina;1,73m;Derecho;14/01/2026;CA Excursionistas;31/12/2028;5,00 mill. €
Independiente Rivadavia;11;Gonzalo Ríos;Mediocentro ofensivo;27/01/1999;27;Argentina;1,72m;Derecho;13/07/2024;Audax Italiano;31/12/2026;2,00 mill. €
Independiente Rivadavia;77;Luis Sequeira;Mediocentro ofensivo;08/01/2003;23;Argentina;1,72m;Derecho;27/01/2026;CA Talleres;31/12/2026;500 mil €
Independiente Rivadavia;27;Diego Crego;Extremo izquierdo;19/06/1997;29;Argentina;1,73m;Izquierdo;14/01/2026;CS Deportivo Madryn;31/12/2026;250 mil €
Independiente Rivadavia;19;Rodrigo Atencio;Extremo derecho;30/06/2002;24;Argentina;1,75m;Izquierdo;20/01/2026;Sport Club do Recife;31/12/2026;2,00 mill. €
Independiente Rivadavia;23;Luis Díaz;Extremo derecho;24/04/2004;22;Colombia;1,77m;Derecho;02/08/2026;Envigado FC;31/12/2028;550 mil €
Independiente Rivadavia;20;Alessandro Riep;Extremo derecho;03/07/2003;23;Argentina / Chile;1,74m;Derecho;24/01/2026;Audax Italiano;31/12/2026;350 mil €
Independiente Rivadavia;17;Maximiliano Salas;Delantero centro;01/12/1997;28;Argentina;1,74m;Izquierdo;07/08/2026;CA River Plate;30/06/2027;4,00 mill. €
Independiente Rivadavia;9;Álex Arce;Delantero centro;16/06/1995;31;Paraguay;1,88m;Derecho;06/07/2025;LDU Quito;31/12/2028;3,50 mill. €
Independiente Rivadavia;43;Fabrizio Sartori;Delantero centro;15/07/2002;24;Argentina / Italia;1,78m;Derecho;01/01/2025;CS Independiente Rivadavia II;31/12/2027;3,50 mill. €
Independiente Rivadavia;7;Victorio Ramis;Delantero centro;07/07/1994;32;Argentina;1,81m;Derecho;01/01/2023;CA Alvarado;31/12/2026;100 mil €
San Lorenzo;25;José Devecchi;Portero;09/07/1995;31;Argentina / Italia;1,89m;Derecho;01/01/2018;CA San Lorenzo de Almagro II;31/12/2026;400 mil €
San Lorenzo;20;Facundo Altamirano;Portero;21/03/1996;30;Argentina;1,89m;Derecho;01/01/2024;CA Banfield;31/12/2026;375 mil €
San Lorenzo;1;Mateo Clemente;Portero;12/06/2002;24;Argentina;1,84m;Derecho;01/01/2026;CA San Lorenzo de Almagro II;31/12/2028;-
San Lorenzo;23;Gastón Hernández;Defensa central;19/01/1998;28;Argentina / España;1,85m;Derecho;01/01/2022;CA San Lorenzo de Almagro II;31/12/2027;3,50 mill. €
San Lorenzo;36;Daniel Herrera;Defensa central;06/02/2004;22;Argentina;1,81m;Derecho;01/07/2024;CA San Lorenzo de Almagro II;31/12/2026;900 mil €
San Lorenzo;2;Danilo Arboleda;Defensa central;16/05/1995;31;Colombia;1,90m;Derecho;31/07/2026;CA Banfield;31/12/2028;800 mil €
San Lorenzo;19;Emiliano Amor;Defensa central;16/05/1995;31;Siria / España;1,90m;Derecho;30/07/2026;CSD Defensa y Justicia;31/12/2027;450 mil €
San Lorenzo;42;Franco Lorenzon;Defensa central;19/03/2001;25;Argentina / Italia;1,88m;Derecho;01/01/2022;CA San Lorenzo de Almagro II;31/12/2026;225 mil €
San Lorenzo;16;Guzmán Corujo;Defensa central;02/08/1996;30;Uruguay;1,89m;Derecho;27/01/2026;Deportivo Cali;31/12/2026;200 mil €
San Lorenzo;35;Alejo Córdoba;Defensa central;17/05/2004;22;Argentina;1,87m;Derecho;01/01/2026;CA San Lorenzo de Almagro II;31/12/2027;125 mil €
San Lorenzo;3;Teo Rodríguez Pagano;Lateral izquierdo;12/10/2005;20;Argentina;1,78m;Izquierdo;01/01/2026;CA San Lorenzo de Almagro II;31/12/2027;1,50 mill. €
San Lorenzo;6;Mathías De Ritis;Lateral izquierdo;31/01/2003;23;Uruguay;1,83m;Izquierdo;27/01/2026;CA Peñarol;31/12/2026;1,00 mill. €
San Lorenzo;32;Ezequiel Herrera;Lateral derecho;22/01/2003;23;Argentina;1,80m;Derecho;01/01/2024;CA San Lorenzo de Almagro II;31/12/2027;2,50 mill. €
San Lorenzo;30;Nahuel Arias;Lateral derecho;02/01/2005;21;Argentina;1,77m;Derecho;01/01/2024;CA San Lorenzo de Almagro II;31/12/2026;300 mil €
San Lorenzo;5;Ignacio Perruzzi;Pivote;22/03/2005;21;Argentina;1,78m;Derecho;01/07/2025;CA San Lorenzo de Almagro II;31/12/2027;2,50 mill. €
San Lorenzo;24;Nicolás Tripichio;Pivote;05/01/1996;30;Argentina;1,76m;Derecho;17/07/2024;CSD Defensa y Justicia;31/12/2027;2,00 mill. €
San Lorenzo;27;Martín Río;Mediocentro;14/03/2001;25;Argentina / Italia;1,75m;Derecho;31/07/2026;CA Talleres;30/06/2027;1,50 mill. €
San Lorenzo;26;Gonzalo Abrego;Mediocentro;07/01/2000;26;Argentina / Italia;1,84m;Derecho;27/01/2026;CD Godoy Cruz Antonio Tomba;31/12/2026;1,20 mill. €
San Lorenzo;8;Manuel Insaurralde;Mediocentro;31/01/1999;27;Argentina;1,76m;Derecho;01/07/2018;CA San Lorenzo de Almagro II;31/12/2026;1,00 mill. €
San Lorenzo;15;Mauricio Cardillo;Mediocentro;11/03/2003;23;Argentina;1,80m;Derecho;26/01/2026;CS Independiente Rivadavia;31/12/2026;450 mil €
San Lorenzo;13;Juan Rattalino;Mediocentro;23/06/2004;22;Argentina;1,68m;Derecho;01/01/2025;CA San Lorenzo de Almagro II;31/12/2027;200 mil €
San Lorenzo;62;Gonzalo Alassia;Mediocentro;13/02/2004;22;Argentina;1,82m;Izquierdo;01/01/2026;CA San Lorenzo de Almagro II;31/12/2026;25 mil €
San Lorenzo;10;Facundo Gulli;Mediocentro ofensivo;25/09/2005;21;Argentina;1,78m;Derecho;01/07/2025;CA San Lorenzo de Almagro II;31/12/2028;2,50 mill. €
San Lorenzo;38;Facundo Farías;Mediocentro ofensivo;28/08/2002;24;Argentina;1,75m;Derecho;28/08/2026;Club Estudiantes de La Plata;30/06/2027;2,50 mill. €
San Lorenzo;28;Nahuel Barrios;Extremo izquierdo;07/05/1998;28;Argentina;1,56m;Derecho;01/07/2018;CA San Lorenzo de Almagro II;31/12/2026;900 mil €
San Lorenzo;11;Matías Reali;Extremo derecho;14/11/1997;28;Argentina;1,65m;Ambidiestro;01/07/2024;CS Independiente Rivadavia;31/12/2027;1,50 mill. €
San Lorenzo;14;Agustín Ladstatter;Extremo derecho;05/06/2005;21;Argentina;1,74m;Izquierdo;01/01/2025;CA San Lorenzo de Almagro II;31/12/2027;400 mil €
San Lorenzo;22;Juan Pablo Álvarez;Extremo derecho;10/02/1996;30;Argentina / Italia;1,78m;Derecho;20/07/2026;CA Gimnasia y Esgrima (Mendoza);31/12/2027;250 mil €
San Lorenzo;7;Ezequiel Cerutti;Extremo derecho;17/01/1992;34;Argentina / Italia;1,69m;Derecho;01/07/2019;Al-Hilal SFC;31/12/2026;150 mil €
San Lorenzo;9;Alexis Cuello;Delantero centro;18/02/2000;26;Argentina;1,86m;Derecho;01/01/2025;Club Almagro;31/12/2027;5,00 mill. €
San Lorenzo;29;Rodrigo Auzmendi;Delantero centro;02/01/2001;25;Argentina;1,91m;Derecho;10/03/2026;Querétaro FC;31/12/2026;3,80 mill. €
San Lorenzo;21;Gustavo del Prete;Delantero centro;12/06/1996;30;Argentina;1,75m;Izquierdo;28/07/2026;Atlas Guadalajara;31/12/2027;900 mil €
San Lorenzo;18;Diego Herazo;Delantero centro;14/04/1996;30;Colombia;1,80m;Derecho;12/02/2024;Deportes Tolima;31/12/2026;400 mil €
San Lorenzo;-;Branco Salinardi;Delantero centro;26/04/2007;19;Argentina / Italia;1,80m;Derecho;01/07/2025;CA San Lorenzo de Almagro II;31/12/2026;300 mil €
Vélez;23;Facundo Sanguinetti;Portero;01/03/2001;25;Argentina;1,85m;Derecho;21/08/2026;CA Banfield;31/12/2027;2,50 mill. €
Vélez;1;Tomás Marchiori;Portero;20/06/1995;31;Argentina / Italia;1,86m;Derecho;15/01/2024;Club Atlético Tucumán;31/12/2029;2,00 mill. €
Vélez;34;Álvaro Busso;Portero;11/10/2006;19;Argentina / Italia;1,88m;Izquierdo;;;-;100 mil €
Vélez;32;Thiago Silvero;Defensa central;18/04/2006;20;Argentina / Paraguay;1,88m;Derecho;01/07/2025;CA Vélez Sarsfield II;31/12/2028;5,00 mill. €
Vélez;2;Emanuel Mammana;Defensa central;10/02/1996;30;Argentina;1,84m;Derecho;08/01/2024;CA River Plate;31/12/2028;2,50 mill. €
Vélez;16;Lisandro Magallán;Defensa central;27/09/1993;32;Argentina / Italia;1,85m;Derecho;06/07/2025;Pumas UNAM;31/12/2027;1,00 mill. €
Vélez;19;Leo Cristaldo;Defensa central;12/01/2009;17;Paraguay / Argentina;1,86m;Izquierdo;;;31/12/2027;-
Vélez;18;Simón Escobar;Lateral izquierdo;17/07/2009;17;Argentina;1,85m;Izquierdo;01/07/2026;CA Vélez Sarsfield II;31/12/2027;4,00 mill. €
Vélez;3;Elías Gómez;Lateral izquierdo;09/06/1994;32;Argentina;1,74m;Izquierdo;16/08/2023;CA River Plate;31/12/2028;1,20 mill. €
Vélez;-;Joaquín Vaquero;Lateral izquierdo;01/04/2003;23;Argentina;1,73m;Izquierdo;01/01/2025;CA Vélez Sarsfield II;31/12/2026;25 mil €
Vélez;4;Joaquín García;Lateral derecho;20/08/2001;25;Argentina;1,82m;Derecho;01/07/2023;CA Vélez Sarsfield II;31/12/2027;3,00 mill. €
Vélez;21;Jano Gordon;Lateral derecho;16/06/2004;22;Argentina;1,82m;Derecho;01/01/2025;CA Vélez Sarsfield II;31/12/2028;1,00 mill. €
Vélez;5;Claudio Baeza;Pivote;23/12/1993;32;Chile;1,71m;Derecho;30/01/2025;Deportivo Toluca FC;31/12/2027;1,20 mill. €
Vélez;8;Lucas Robertone;Mediocentro;18/03/1997;29;Argentina / Italia;1,69m;Derecho;16/01/2026;UD Almería;31/12/2026;2,00 mill. €
Vélez;29;Rodrigo Aliendro;Mediocentro;16/02/1991;35;Argentina;1,73m;Derecho;24/07/2025;CA River Plate;31/12/2027;325 mil €
Vélez;10;Diego Valdés;Mediocentro ofensivo;30/01/1994;32;Chile;1,79m;Derecho;06/07/2025;CF América;31/12/2027;2,80 mill. €
Vélez;22;Manuel Lanzini;Mediocentro ofensivo;15/02/1993;33;Argentina / Italia;1,70m;Derecho;21/08/2025;CA River Plate;31/12/2026;900 mil €
Vélez;48;Luca Feler;Mediocentro ofensivo;26/01/2008;18;Argentina;-;;01/07/2026;CA Vélez Sarsfield II;31/12/2028;700 mil €
Vélez;35;Matías Arias;Mediocentro ofensivo;08/05/2007;19;Argentina;1,68m;Izquierdo;01/01/2026;CA Vélez Sarsfield II;31/12/2028;50 mil €
Vélez;37;Juan Cruz Policella;Extremo izquierdo;03/08/2009;17;Argentina / Chile;1,75m;Derecho;01/07/2026;CA Vélez Sarsfield II;31/12/2027;500 mil €
Vélez;11;Matías Pellegrini;Extremo derecho;11/03/2000;26;Argentina;1,76m;Derecho;09/01/2024;New York City FC;31/12/2026;1,70 mill. €
Vélez;17;Álex Verón;Extremo derecho;24/10/2008;17;Argentina;1,75m;Izquierdo;01/01/2026;CA Vélez Sarsfield II;31/12/2027;1,50 mill. €
Vélez;77;Ronaldo Martínez;Delantero centro;25/04/1996;30;Paraguay;1,78m;Derecho;31/08/2026;CA Talleres;31/12/2027;4,00 mill. €
Vélez;39;Thiago Aguirre;Delantero centro;14/02/2009;17;Argentina;-;Derecho;01/07/2026;CA Vélez Sarsfield II;31/12/2027;1,00 mill. €
Vélez;15;Dilan Godoy;Delantero centro;05/02/2006;20;Argentina;1,75m;Derecho;01/07/2025;CA Vélez Sarsfield II;31/12/2028;700 mil €
Tigre;12;Felipe Zenobio;Portero;22/05/2000;26;Argentina;1,83m;Derecho;01/02/2021;CA Tigre II;31/12/2029;3,50 mill. €
Tigre;26;Lautaro Morales;Portero;16/12/1999;26;Argentina;1,87m;Derecho;31/07/2026;CA Lanús;30/06/2027;550 mil €
Tigre;20;Alan Barrionuevo;Defensa central;02/01/1997;29;Argentina;1,88m;Derecho;22/01/2025;Club Almirante Brown;31/12/2027;1,80 mill. €
Tigre;23;Gonzalo Requena;Defensa central;04/03/2003;23;Argentina;1,85m;Derecho;20/07/2026;Instituto ACC;31/12/2026;1,20 mill. €
Tigre;2;Joaquín Laso;Defensa central;04/07/1990;36;Argentina;1,85m;Derecho;14/01/2025;CA Independiente;31/12/2026;200 mil €
Tigre;42;Ramón Arias;Defensa central;27/07/1992;34;Uruguay / Italia;1,81m;Derecho;10/09/2024;Sin equipo;31/12/2026;200 mil €
Tigre;38;Tomás Fernández;Defensa central;07/01/2004;22;Argentina;1,81m;Derecho;01/01/2024;CA Tigre II;31/12/2026;25 mil €
Tigre;3;Nahuel Banegas;Lateral izquierdo;06/10/1996;29;Argentina;1,77m;Izquierdo;14/01/2026;CA San Martín (Tucumán);31/12/2028;750 mil €
Tigre;24;Federico Álvarez;Lateral izquierdo;07/08/1994;32;Argentina;1,83m;Izquierdo;06/07/2025;Asteras Aktor;31/12/2027;500 mil €
Tigre;32;Juan Villalba;Lateral izquierdo;15/03/2006;20;Argentina;1,73m;Izquierdo;15/01/2026;Club de Gimnasia y Esgrima La Plata;31/12/2027;300 mil €
Tigre;15;Ángelo Marchese;Lateral izquierdo;02/08/2004;22;Argentina / Italia;1,73m;Izquierdo;01/01/2024;CA Tigre II;31/12/2026;25 mil €
Tigre;4;Valentín Moreno;Lateral derecho;19/02/2003;23;Argentina;1,73m;Derecho;01/07/2024;CA Tigre II;31/12/2028;1,30 mill. €
Tigre;8;Martín Garay;Lateral derecho;12/06/1999;27;Argentina;1,67m;Derecho;11/01/2023;CA Estudiantes;31/12/2026;800 mil €
Tigre;17;Guillermo Soto;Lateral derecho;19/01/1994;32;Chile;1,75m;Derecho;06/07/2025;CD Universidad Católica;31/12/2026;300 mil €
Tigre;40;Luciano Minniti;Lateral derecho;23/09/2005;21;Argentina;-;;01/07/2026;CA Tigre II;31/12/2028;-
Tigre;5;Bruno Leyes;Pivote;30/10/2001;24;Argentina;1,73m;Izquierdo;10/07/2025;CD Godoy Cruz Antonio Tomba;31/12/2026;2,30 mill. €
Tigre;10;Jabes Saralegui;Mediocentro;12/04/2003;23;Argentina;1,81m;Izquierdo;31/01/2025;CA Boca Juniors;31/12/2026;3,00 mill. €
Tigre;27;Santiago González;Mediocentro;03/05/2003;23;Argentina;1,82m;Derecho;01/01/2024;CA Tigre II;31/12/2026;2,30 mill. €
Tigre;16;Nicolás Dubersarsky;Mediocentro;21/12/2004;21;Argentina / Italia;1,88m;Derecho;31/07/2026;Austin FC;30/06/2027;1,50 mill. €
Tigre;7;Simón Rivero;Mediocentro;16/04/2003;23;Argentina;1,72m;Izquierdo;10/07/2025;CA Boca Juniors;31/12/2026;300 mil €
Tigre;21;Sebastián Medina;Interior izquierdo;15/03/2000;26;Argentina;1,77m;Izquierdo;06/01/2023;CSA Guillermo Brown;31/12/2026;350 mil €
Tigre;11;Tiago Serrago;Mediocentro ofensivo;05/02/2004;22;Argentina / Portugal;1,75m;Derecho;14/01/2026;CA River Plate;31/12/2026;1,70 mill. €
Tigre;28;Gonzalo Martínez;Mediocentro ofensivo;13/06/1993;33;Argentina / Italia;1,72m;Izquierdo;22/01/2026;CA River Plate;31/12/2026;500 mil €
Tigre;22;Santiago López;Extremo izquierdo;09/02/2006;20;Argentina;1,70m;Derecho;14/01/2026;CA Independiente;31/12/2026;4,00 mill. €
Tigre;25;Ian Subiabre;Extremo derecho;01/01/2007;19;Argentina / Chile;1,74m;Izquierdo;03/08/2026;CA River Plate;30/06/2027;3,50 mill. €
Tigre;18;Manuel Fernández;Extremo derecho;08/10/2004;21;Argentina;1,83m;Derecho;24/07/2025;CA Vélez Sarsfield;31/12/2026;50 mil €
Tigre;29;Ignacio Russo;Delantero centro;13/12/2000;25;Argentina;1,75m;Derecho;14/01/2026;CA Rosario Central;31/12/2028;4,00 mill. €
Tigre;33;Mauro Méndez;Delantero centro;17/01/1999;27;Uruguay;1,76m;Derecho;10/08/2026;Club Estudiantes de La Plata;31/12/2029;2,20 mill. €
Tigre;-;Jerónimo Dómina;Delantero centro;17/10/2005;20;Argentina / Italia;1,74m;Derecho;02/09/2026;Cádiz CF;30/06/2027;1,50 mill. €
Tigre;19;Alfio Oviedo;Delantero centro;18/12/1995;30;Paraguay;1,81m;Derecho;31/01/2025;Club Bolívar;31/12/2026;300 mil €
Talleres;32;Ezequiel Unsain;Portero;09/03/1995;31;Argentina;1,88m;Derecho;01/07/2026;Club Necaxa;31/12/2029;2,00 mill. €
Talleres;1;Santino Barbi;Portero;14/06/2005;21;Argentina;1,91m;Derecho;01/01/2026;CA Talleres II;31/12/2027;200 mil €
Talleres;44;Santiago Fernández;Defensa central;30/03/2005;21;Argentina;1,81m;Derecho;01/01/2025;CA Talleres II;31/12/2028;4,50 mill. €
Talleres;6;Román Riquelme;Defensa central;18/05/2002;24;Argentina;1,86m;Derecho;11/07/2026;AA Argentinos Juniors;31/12/2030;1,70 mill. €
Talleres;13;Valentín Fascendini;Defensa central;13/03/2003;23;Argentina / Italia;1,84m;Izquierdo;23/07/2026;CA Unión (Santa Fe);31/12/2030;1,30 mill. €
Talleres;4;Matías Catalán;Defensa central;19/08/1992;34;Chile / Argentina;1,82m;Derecho;20/01/2023;CF Pachuca;31/12/2026;500 mil €
Talleres;25;Thiago Baroni;Defensa central;11/07/2006;20;Argentina;-;;;;31/12/2027;-
Talleres;35;Gonzalo Nuccio;Defensa central;29/01/2007;19;Argentina;1,75m;Derecho;;;-;-
Talleres;3;Alexandro Maidana;Lateral izquierdo;26/07/2005;21;Paraguay;1,78m;Izquierdo;09/03/2026;Club Guaraní;31/12/2029;2,50 mill. €
Talleres;23;Gabriel Báez;Lateral izquierdo;21/07/1995;31;Argentina / Paraguay;1,78m;Izquierdo;24/07/2025;Club Nacional;31/12/2027;600 mil €
Talleres;20;Augusto Schott;Lateral derecho;17/01/2000;26;Argentina;1,73m;Derecho;10/08/2020;CA Talleres II;31/12/2026;1,20 mill. €
Talleres;2;Timoteo Chamorro;Lateral derecho;08/02/2006;20;Argentina;1,72m;Derecho;01/07/2026;CA Talleres II;31/12/2028;400 mil €
Talleres;-;Tomás Olmos;Lateral derecho;22/01/2005;21;Argentina;1,70m;Derecho;01/01/2025;CA Talleres II;31/12/2027;150 mil €
Talleres;5;Matías Galarza;Pivote;04/03/2002;24;Argentina;1,86m;Derecho;22/08/2024;KRC Genk;31/12/2028;5,50 mill. €
Talleres;15;Juan Sforza;Pivote;14/02/2002;24;Argentina / Italia;1,79m;Izquierdo;20/01/2026;Clube de Regatas Vasco da Gama;31/12/2026;1,30 mill. €
Talleres;8;Federico Fattori;Pivote;22/07/1992;34;Argentina;1,78m;Derecho;11/07/2026;AA Argentinos Juniors;31/12/2029;600 mil €
Talleres;31;Bruno Trey;Pivote;19/01/2006;20;Argentina;1,73m;;;;-;25 mil €
Talleres;26;Mateo Cáceres;Mediocentro;25/09/2002;24;Argentina;1,70m;Derecho;20/07/2025;Racing Club de Montevideo;31/12/2028;500 mil €
Talleres;21;Matías Gómez;Mediocentro;23/11/2005;20;Argentina;1,70m;Derecho;01/01/2025;CA Talleres II;31/12/2027;75 mil €
Talleres;18;Franco Cristaldo;Mediocentro ofensivo;15/08/1996;30;Argentina / Paraguay;1,75m;Derecho;02/03/2026;Grêmio Foot-Ball Porto Alegrense;31/12/2026;3,50 mill. €
Talleres;30;Giovanni Baroni;Mediocentro ofensivo;21/01/2009;17;Argentina / Italia;1,86m;Izquierdo;23/01/2026;CA Talleres II;31/12/2028;2,50 mill. €
Talleres;39;Lautaro Ortiz;Mediocentro ofensivo;16/01/2008;18;Argentina;1,73m;Derecho;;;-;100 mil €
Talleres;46;Jeremías Gallard;Mediocentro ofensivo;10/04/2004;22;Argentina;1,74m;Ambidiestro;01/07/2025;CA Talleres II;-;25 mil €
Talleres;37;Rick;Extremo izquierdo;02/09/1999;27;Brasil / Bulgaria;1,70m;Derecho;18/01/2025;Ludogorets Razgrad;31/12/2028;2,50 mill. €
Talleres;11;Valentín Depietri;Extremo izquierdo;31/10/2000;25;Argentina;1,78m;Derecho;18/01/2023;Fortaleza Esporte Clube;31/12/2026;500 mil €
Talleres;7;Diego Valoyes;Extremo derecho;22/09/1996;30;Colombia;1,87m;Derecho;19/01/2026;FC Juárez;31/12/2026;1,20 mill. €
Talleres;24;Ignacio Alastra;Extremo derecho;29/10/2007;18;Argentina;1,75m;;;;31/12/2027;50 mil €
Talleres;36;Emiliano Chiavassa;Extremo derecho;02/01/2006;20;Argentina;1,69m;Izquierdo;01/01/2026;CA Talleres II;31/12/2028;25 mil €
Talleres;9;Agustín Álvarez;Delantero centro;19/05/2001;25;Uruguay;1,77m;Derecho;14/08/2026;US Sassuolo;30/06/2027;2,00 mill. €
Talleres;49;Valentín Dávila;Delantero centro;19/01/2007;19;Argentina;1,85m;Derecho;01/01/2026;CA Talleres II;31/12/2028;1,50 mill. €
Lanús;26;Nahuel Losada;Portero;17/04/1993;33;Argentina / Polonia;1,88m;Derecho;22/07/2024;CA Belgrano;31/12/2028;3,00 mill. €
Lanús;1;Franco Petroli;Portero;11/06/1998;28;Argentina / Italia;1,88m;Izquierdo;15/01/2026;CD Godoy Cruz Antonio Tomba;31/12/2029;1,50 mill. €
Lanús;13;José Canale;Defensa central;20/07/1996;30;Paraguay;1,87m;Izquierdo;01/01/2023;Club Libertad Asunción;31/12/2026;2,20 mill. €
Lanús;35;Ronaldo Dejesús;Defensa central;21/04/2001;25;Paraguay / Brasil;1,92m;Derecho;21/01/2025;Club Cerro Porteño;31/12/2027;1,30 mill. €
Lanús;4;Gonzalo Pérez;Defensa central;04/01/2001;25;Uruguay;1,84m;Derecho;02/08/2023;Liverpool FC Montevideo;31/12/2028;1,20 mill. €
Lanús;24;Carlos Izquierdoz;Defensa central;03/11/1988;37;Argentina / Italia;1,85m;Derecho;01/07/2024;Real Sporting de Gijón;31/12/2027;375 mil €
Lanús;2;Luciano Romero;Defensa central;03/01/2006;20;Argentina;1,86m;Izquierdo;01/01/2026;CA Lanús II;31/12/2027;100 mil €
Lanús;6;Sasha Marcich;Lateral izquierdo;29/05/1998;28;Argentina / Croacia;1,75m;Izquierdo;13/01/2025;CA Platense;31/12/2028;3,00 mill. €
Lanús;28;Octavio Ontivero;Lateral izquierdo;10/01/2006;20;Argentina;1,74m;Izquierdo;01/07/2024;CA Lanús II;31/12/2027;175 mil €
Lanús;33;Tomás Guidara;Lateral derecho;13/03/1996;30;Argentina / Albania;1,73m;Derecho;14/01/2026;CA Huracán;31/12/2028;1,20 mill. €
Lanús;3;Nicolás Morgantini;Lateral derecho;11/09/1994;32;Argentina;1,78m;Derecho;16/01/2020;CA Platense;31/12/2027;200 mil €
Lanús;17;Agustín Medina;Pivote;24/10/2006;19;Argentina;1,75m;Derecho;01/01/2025;CA Lanús II;31/12/2028;4,00 mill. €
Lanús;30;Agustín Cardozo;Pivote;30/05/1997;29;Argentina;1,83m;Derecho;01/01/2025;CA Tigre;31/12/2027;2,50 mill. €
Lanús;5;Felipe Peña Biafore;Pivote;05/04/2001;25;Argentina;1,80m;Derecho;22/08/2024;CA River Plate;31/12/2028;2,20 mill. €
Lanús;15;Raúl Loaiza;Pivote;08/06/1994;32;Colombia;1,80m;Derecho;21/06/2022;CSD Defensa y Justicia;31/12/2026;400 mil €
Lanús;27;Facundo Sánchez;Mediocentro;07/08/2005;21;Argentina;1,81m;Derecho;01/07/2025;CA Lanús II;31/12/2029;50 mil €
Lanús;39;Thiago Laplace;Mediocentro;03/04/2006;20;Argentina;1,78m;;;;31/12/2028;25 mil €
Lanús;23;Ramiro Carrera;Interior derecho;24/10/1993;32;Argentina;1,82m;Derecho;02/01/2024;Club Atlético Tucumán;31/12/2026;1,00 mill. €
Lanús;16;Matías Sepúlveda;Interior izquierdo;12/03/1999;27;Chile;1,86m;Izquierdo;15/01/2026;Universidad de Chile;31/12/2029;1,20 mill. €
Lanús;10;Marcelino Moreno;Mediocentro ofensivo;25/06/1995;31;Argentina;1,68m;Derecho;19/01/2024;Coritiba Foot Ball Club;31/12/2027;4,00 mill. €
Lanús;8;Franco Watson;Mediocentro ofensivo;25/07/2002;24;Argentina / Italia;1,77m;Derecho;04/09/2023;Instituto ACC;31/12/2027;600 mil €
Lanús;77;Lucas Besozzi;Extremo izquierdo;22/01/2003;23;Argentina;1,76m;Derecho;01/01/2022;CA Lanús II;31/12/2028;350 mil €
Lanús;11;Eduardo Salvio;Extremo derecho;13/07/1990;36;Argentina;1,73m;Derecho;01/07/2024;Pumas UNAM;31/12/2027;750 mil €
Lanús;38;Benjamín Acosta;Extremo derecho;08/02/2006;20;Argentina;1,63m;Derecho;01/07/2025;CA Lanús II;31/12/2028;50 mil €
Lanús;19;Yoshan Valois;Delantero centro;04/10/2004;21;Colombia;1,87m;Derecho;16/03/2026;Asociación Deportivo Pasto;31/12/2029;3,00 mill. €
Lanús;20;Allan Wlk;Delantero centro;01/03/2003;23;Paraguay;1,86m;Derecho;16/07/2026;Club Olimpia;31/12/2030;2,50 mill. €
Lanús;18;Jeremías Chavero;Delantero centro;30/05/2006;20;Argentina;1,73m;Derecho;01/07/2025;CA Lanús II;31/12/2027;75 mil €
Argentinos Jrs;25;Brayan Cortés;Portero;11/03/1995;31;Chile;1,86m;Derecho;04/01/2026;CSD Colo-Colo;31/12/2026;2,00 mill. €
Argentinos Jrs;12;Gonzalo Siri;Portero;01/02/2003;23;Argentina;1,83m;Derecho;01/01/2024;AA Argentinos Juniors II;31/12/2030;250 mil €
Argentinos Jrs;1;Agustín Mangiaut;Portero;24/05/2004;22;Argentina;1,85m;Derecho;01/01/2026;AA Argentinos Juniors II;31/12/2028;-
Argentinos Jrs;16;Francisco Álvarez;Defensa central;26/02/2000;26;Argentina;1,80m;Derecho;24/01/2024;CA Talleres;31/12/2029;5,50 mill. €
Argentinos Jrs;-;Mateo Mendoza;Defensa central;21/11/2004;21;Argentina;1,81m;Derecho;14/09/2026;CD Godoy Cruz Antonio Tomba;31/12/2027;2,50 mill. €
Argentinos Jrs;6;Franco Vázquez;Defensa central;02/01/2005;21;Argentina / Paraguay;1,83m;Izquierdo;01/01/2025;AA Argentinos Juniors II;31/12/2029;1,50 mill. €
Argentinos Jrs;17;Franco Paredes;Defensa central;18/03/1999;27;Argentina;1,76m;Derecho;04/02/2026;CA Independiente;31/12/2026;350 mil €
Argentinos Jrs;4;Érik Godoy;Defensa central;16/08/1993;33;Argentina;1,85m;Derecho;08/01/2024;CA Belgrano;31/12/2027;300 mil €
Argentinos Jrs;13;Santino Gianini;Defensa central;24/09/2008;18;Argentina;-;;;;-;50 mil €
Argentinos Jrs;26;Claudio Bravo;Lateral izquierdo;13/03/1997;29;Argentina;1,79m;Izquierdo;06/07/2025;Portland Timbers;31/12/2029;400 mil €
Argentinos Jrs;20;Sebastián Prieto;Lateral izquierdo;09/04/1993;33;Argentina;1,75m;Izquierdo;03/01/2024;CA Tigre;31/12/2027;275 mil €
Argentinos Jrs;30;Alan Núñez;Lateral derecho;01/10/2004;21;Paraguay;1,76m;Derecho;06/08/2026;Club Cerro Porteño;31/12/2027;1,00 mill. €
Argentinos Jrs;22;Kevin Coronel;Lateral derecho;11/08/2004;22;Argentina;1,68m;Derecho;01/01/2024;AA Argentinos Juniors II;31/12/2029;600 mil €
Argentinos Jrs;3;Luciano Sánchez;Lateral derecho;25/01/1994;32;Argentina / España;1,69m;Derecho;05/02/2022;CS Independiente Rivadavia;31/12/2026;50 mil €
Argentinos Jrs;41;Santiago Silveira;Lateral derecho;24/04/2008;18;Argentina;1,68m;;;;31/12/2030;-
Argentinos Jrs;15;Kevin Gutiérrez;Pivote;03/06/1997;29;Argentina;1,75m;Derecho;17/07/2026;Club Necaxa;31/12/2030;2,50 mill. €
Argentinos Jrs;32;Gino Infantino;Mediocentro;19/05/2003;23;Argentina / Italia;1,78m;Izquierdo;14/01/2026;Fiorentina;31/12/2026;350 mil €
Argentinos Jrs;-;Federico Mancuello;Mediocentro;26/03/1989;37;Argentina / Italia;1,77m;Izquierdo;31/07/2026;CA Independiente;31/12/2027;50 mil €
Argentinos Jrs;28;Joaquín Gho;Interior derecho;14/05/2003;23;Argentina / Italia;1,76m;Derecho;06/07/2025;CA Sarmiento (Junín);31/12/2029;1,80 mill. €
Argentinos Jrs;23;Hernán López Muñoz;Mediocentro ofensivo;07/09/2000;26;Argentina;1,69m;Izquierdo;06/07/2025;San José Earthquakes;31/12/2026;5,00 mill. €
Argentinos Jrs;11;Nicolás Oroz;Mediocentro ofensivo;01/04/1994;32;Argentina;1,71m;Izquierdo;05/01/2024;Racing Club;31/12/2027;1,00 mill. €
Argentinos Jrs;21;Gabriel Florentín;Mediocentro ofensivo;13/03/1999;27;Argentina;1,73m;Derecho;06/07/2025;FK Orenburg;31/12/2029;500 mil €
Argentinos Jrs;5;Facundo Carrizo;Mediocentro ofensivo;31/05/2007;19;Argentina;-;;;;-;25 mil €
Argentinos Jrs;36;Gastón Bouhier;Mediocentro ofensivo;06/11/2008;17;Argentina / Italia;1,78m;Izquierdo;;;31/12/2027;-
Argentinos Jrs;29;Emiliano Viveros;Extremo izquierdo;30/09/2002;23;Argentina;1,78m;Derecho;11/02/2024;Arsenal FC;31/12/2029;800 mil €
Argentinos Jrs;27;Tomás Molina;Delantero centro;12/04/1995;31;Argentina;1,83m;Derecho;22/07/2024;CA Talleres;31/12/2029;2,50 mill. €
Argentinos Jrs;48;Facundo Jainikoski;Delantero centro;15/03/2008;18;Argentina;1,78m;;01/01/2026;AA Argentinos Juniors II;31/12/2027;2,50 mill. €
Argentinos Jrs;9;Gastón Verón;Delantero centro;23/04/2001;25;Argentina;1,84m;Derecho;01/01/2022;AA Argentinos Juniors II;31/12/2028;1,80 mill. €
Argentinos Jrs;19;Matías Giménez;Delantero centro;06/03/1999;27;Argentina;1,85m;Izquierdo;17/07/2025;CA Independiente;31/12/2029;1,50 mill. €
Argentinos Jrs;47;Diego Porcel;Delantero centro;21/01/2005;21;Argentina;1,77m;Derecho;01/07/2025;AA Argentinos Juniors II;31/12/2028;800 mil €
Argentinos Jrs;35;Alan Alcaraz;Delantero centro;11/07/2009;17;Argentina / Paraguay;1,77m;;;;-;200 mil €
Argentinos Jrs;34;Ryoga Kida;Delantero centro;15/07/2005;21;Japón;1,76m;;04/02/2024;Nagoya Grampus;31/12/2026;100 mil €
Newell's Old Boys;30;Josué Reinatti;Portero;02/06/2003;23;Argentina;1,88m;Derecho;01/01/2024;CA Newell's Old Boys II;31/12/2029;2,50 mill. €
Newell's Old Boys;21;Gabriel Arias;Portero;13/09/1987;39;Chile / Argentina;1,89m;Derecho;14/01/2026;Racing Club;31/12/2026;200 mil €
Newell's Old Boys;17;Lautaro Giannetti;Defensa central;13/11/1993;32;Argentina / Italia;1,85m;Derecho;01/07/2026;Antalyaspor;30/06/2028;1,20 mill. €
Newell's Old Boys;22;Oscar Salomón;Defensa central;22/03/1999;27;Argentina / Italia;1,81m;Derecho;19/01/2026;CA Boca Juniors;31/12/2028;1,20 mill. €
Newell's Old Boys;15;Saúl Salcedo;Defensa central;29/08/1997;29;Paraguay;1,83m;Derecho;19/07/2024;Club Olimpia;31/12/2027;1,00 mill. €
Newell's Old Boys;2;Ian Glavinovich;Defensa central;27/10/2001;24;Argentina / Croacia;1,83m;Derecho;01/01/2024;CA Newell's Old Boys II;31/12/2026;900 mil €
Newell's Old Boys;16;Lucas Carrizo;Defensa central;20/05/1997;29;Argentina;1,80m;Izquierdo;13/08/2026;CA Huracán;31/12/2029;800 mil €
Newell's Old Boys;25;Bruno Cabrera;Defensa central;28/04/1997;29;Argentina;1,84m;Derecho;14/01/2026;Coquimbo Unido;31/12/2028;700 mil €
Newell's Old Boys;23;Nicolás Goitea;Defensa central;11/06/1997;29;Argentina;1,85m;Derecho;14/01/2026;CA Mitre;31/12/2026;300 mil €
Newell's Old Boys;28;Jeronimo Russo;Lateral izquierdo;30/05/2005;21;Argentina / Italia;1,73m;Izquierdo;01/01/2026;CA Newell's Old Boys II;31/12/2029;1,00 mill. €
Newell's Old Boys;3;Martín Luciano;Lateral izquierdo;12/08/2003;23;Argentina;1,77m;Izquierdo;01/01/2022;CA Newell's Old Boys II;31/12/2027;100 mil €
Newell's Old Boys;6;Martín Ortega;Lateral derecho;20/08/1999;27;Argentina / Italia;1,81m;Derecho;04/03/2026;CA Tigre;31/12/2026;1,00 mill. €
Newell's Old Boys;4;Alejo Montero;Lateral derecho;05/05/1998;28;Argentina;1,78m;Derecho;25/01/2025;CA Agropecuario;31/12/2027;600 mil €
Newell's Old Boys;24;Franco Escobar;Lateral derecho;21/02/1995;31;Argentina / Estados Unidos;1,80m;Derecho;01/07/2026;CA Peñarol;31/12/2027;600 mil €
Newell's Old Boys;5;Luca Regiardo;Pivote;23/10/2006;19;Argentina;1,79m;Derecho;01/01/2025;CA Newell's Old Boys U20;31/12/2029;4,00 mill. €
Newell's Old Boys;10;Valentino Acuña;Pivote;27/01/2006;20;Argentina;1,77m;Izquierdo;01/01/2025;CA Newell's Old Boys II;31/12/2027;1,50 mill. €
Newell's Old Boys;26;Rodrigo Herrera;Pivote;02/08/2000;26;Argentina;1,79m;Derecho;22/01/2026;CSD Defensa y Justicia;31/12/2028;1,50 mill. €
Newell's Old Boys;29;Marcelo Esponda;Pivote;14/01/2003;23;Argentina / Italia;1,79m;Derecho;01/07/2022;CA Newell's Old Boys II;31/12/2026;225 mil €
Newell's Old Boys;8;David Sotelo;Mediocentro;30/07/2003;23;Argentina;1,82m;Derecho;01/01/2023;CA Newell's Old Boys II;31/12/2027;200 mil €
Newell's Old Boys;27;Lucas Gómez;Mediocentro;17/06/2004;22;Argentina;1,78m;Derecho;31/07/2026;AA Argentinos Juniors;30/06/2026;150 mil €
Newell's Old Boys;20;Facundo Guch;Mediocentro ofensivo;20/01/2007;19;Argentina;1,77m;Izquierdo;01/07/2025;CA Newell's Old Boys II;31/12/2029;3,50 mill. €
Newell's Old Boys;19;Jerónimo Gómez Mattar;Mediocentro ofensivo;07/08/2008;18;Argentina;1,80m;Derecho;01/07/2025;CA Newell's Old Boys II;31/12/2027;2,00 mill. €
Newell's Old Boys;15;Alan Soñora;Mediocentro ofensivo;03/08/1998;28;Estados Unidos / Italia;1,73m;Izquierdo;21/07/2026;Club Cerro Porteño;30/06/2027;300 mil €
Newell's Old Boys;-;Fabricio Tirado;Mediocentro ofensivo;18/09/2004;22;Argentina;1,75m;Derecho;01/01/2025;CA Newell's Old Boys II;31/12/2027;50 mil €
Newell's Old Boys;33;Walter Núñez;Extremo izquierdo;13/02/2003;23;Argentina;1,78m;Derecho;14/01/2026;Montevideo City Torque;31/12/2026;900 mil €
Newell's Old Boys;39;Thomas Rios;Extremo izquierdo;22/09/2006;20;Argentina;1,82m;Izquierdo;01/07/2026;CA Newell's Old Boys II;31/12/2029;300 mil €
Newell's Old Boys;-;Santiago Solari;Extremo derecho;19/01/1998;28;Argentina;1,78m;Derecho;02/09/2026;Racing Club;30/06/2027;2,70 mill. €
Newell's Old Boys;18;Walter Mazzantti;Extremo derecho;05/09/1996;30;Argentina;1,75m;Derecho;09/03/2026;CA Independiente;31/12/2026;2,20 mill. €
Newell's Old Boys;18;Mateo García;Extremo derecho;10/09/1996;30;Argentina / Italia;1,72m;Izquierdo;30/07/2026;Atlas Guadalajara;31/12/2027;1,00 mill. €
Newell's Old Boys;9;Matías Cóccaro;Delantero centro;15/11/1997;28;Uruguay / Italia;1,79m;Derecho;12/01/2026;CF Montréal;31/12/2028;2,00 mill. €
Newell's Old Boys;99;Ignacio Ramírez;Delantero centro;01/02/1997;29;Uruguay / Italia;1,80m;Derecho;19/01/2024;Club Nacional;31/12/2027;1,20 mill. €
Newell's Old Boys;36;Francisco Scarpeccio;Delantero centro;22/01/2006;20;Argentina;1,89m;Derecho;01/01/2026;CA Newell's Old Boys II;31/12/2029;150 mil €
Platense;30;Juan Pablo Cozzani;Portero;09/10/1998;27;Argentina;1,84m;Derecho;01/01/2025;Club Deportivo Maipú;31/12/2029;3,50 mill. €
Platense;22;Nicolás Sumavil;Portero;20/11/1999;26;Argentina;1,85m;Derecho;02/02/2024;AA Argentinos Juniors II;31/12/2026;400 mil €
Platense;1;Brian Bustos;Portero;22/08/1996;30;Argentina;1,85m;Derecho;19/01/2026;Deportivo Cuenca;31/12/2026;375 mil €
Platense;13;Ignacio Vázquez;Defensa central;15/05/1997;29;Argentina;1,84m;Derecho;01/01/2024;CA All Boys;31/12/2028;2,50 mill. €
Platense;6;Eugenio Raggio;Defensa central;31/08/2001;25;Argentina;1,80m;Derecho;14/01/2026;CSD Flandria;31/12/2026;1,00 mill. €
Platense;32;Santiago Quirós;Defensa central;04/03/2003;23;Argentina;1,79m;Izquierdo;25/01/2026;Racing Club;31/12/2026;600 mil €
Platense;34;Mateo Mendía;Defensa central;03/02/2004;22;Argentina;1,91m;Derecho;19/01/2026;CA Boca Juniors;31/12/2026;300 mil €
Platense;42;Gonzalo Goñi;Defensa central;16/08/1998;28;Argentina;1,84m;Derecho;04/02/2025;CA Barracas Central;31/12/2026;300 mil €
Platense;31;Victor Cuesta;Defensa central;19/11/1988;37;Argentina / Brasil;1,87m;Izquierdo;29/01/2026;CA Newell's Old Boys;31/12/2026;200 mil €
Platense;3;Tomás Silva;Lateral izquierdo;08/03/2003;23;Argentina;1,75m;Izquierdo;14/01/2026;CA San Lorenzo de Almagro;31/12/2028;2,00 mill. €
Platense;38;Celías Ingenthron;Lateral izquierdo;28/06/2008;18;Argentina;1,75m;Izquierdo;01/01/2026;CA Platense II;31/12/2027;125 mil €
Platense;25;Juan Ignacio Saborido;Lateral derecho;25/04/1998;28;Argentina;1,80m;Derecho;09/01/2024;CA Villa San Carlos;31/12/2027;1,50 mill. €
Platense;4;Agustín Lagos;Lateral derecho;09/10/2001;24;Argentina;1,84m;Derecho;20/01/2026;CA Vélez Sarsfield;31/12/2026;500 mil €
Platense;-;Fabricio López;Lateral derecho;21/11/2002;23;Argentina;1,79m;Derecho;08/08/2026;Club Deportivo Armenio;30/06/2027;400 mil €
Platense;15;Maximiliano Amarfil;Pivote;03/11/2001;24;Argentina;1,74m;Derecho;16/01/2026;Club Cipolletti;31/12/2026;2,00 mill. €
Platense;5;Iván Gómez;Pivote;28/02/1997;29;Argentina;1,67m;Derecho;12/01/2024;Club Estudiantes de La Plata;31/12/2027;1,00 mill. €
Platense;17;Felipe Bussio;Pivote;16/06/2004;22;Argentina;1,78m;Derecho;17/07/2025;CA Vélez Sarsfield;31/12/2026;400 mil €
Platense;26;Pablo Ferreira;Mediocentro;23/10/2004;21;Argentina;1,78m;Derecho;27/01/2026;Club Deportivo Morón;31/12/2029;2,00 mill. €
Platense;24;Martín Barrios;Mediocentro;24/01/1999;27;Uruguay;1,75m;Derecho;25/01/2026;Racing Club;31/12/2026;750 mil €
Platense;27;Santiago Dalmasso;Mediocentro;18/06/2004;22;Argentina;1,83m;Derecho;19/01/2026;CA Boca Juniors;31/12/2026;100 mil €
Platense;10;Franco Zapiola;Mediocentro ofensivo;19/02/2001;25;Argentina;1,76m;Izquierdo;19/07/2024;Club Estudiantes de La Plata;31/12/2027;2,50 mill. €
Platense;23;Leonardo Heredia;Mediocentro ofensivo;11/01/1996;30;Argentina;1,87m;Derecho;14/01/2026;AA Argentinos Juniors;31/12/2026;1,00 mill. €
Platense;16;Gastón Togni;Extremo izquierdo;20/09/1997;29;Argentina;1,81m;Izquierdo;05/08/2026;CSD Defensa y Justicia;31/12/2026;1,70 mill. €
Platense;18;Bautista Merlini;Extremo izquierdo;04/07/1995;31;Argentina;1,79m;Derecho;19/01/2026;Club de Gimnasia y Esgrima La Plata;31/12/2026;400 mil €
Platense;29;Franco Minerva;Extremo izquierdo;31/01/2006;20;Argentina;1,77m;Izquierdo;01/07/2024;CA Platense II;31/12/2028;350 mil €
Platense;7;Guido Mainero;Extremo derecho;23/03/1995;31;Argentina;1,79m;Derecho;01/07/2024;Instituto ACC;31/12/2027;2,00 mill. €
Platense;43;Nicolás Retamar;Extremo derecho;06/02/1999;27;Argentina;1,75m;Derecho;29/01/2026;Club Ferro Carril Oeste;31/12/2026;1,20 mill. €
Platense;33;Juan Carlos Gauto;Extremo derecho;02/06/2004;22;Argentina;1,72m;Derecho;14/01/2026;FC Basilea;31/12/2026;1,00 mill. €
Platense;28;Manuel Tucker;Extremo derecho;31/10/2004;21;Argentina / Italia;1,78m;Derecho;01/01/2025;CA Platense II;31/12/2026;50 mil €
Platense;9;Tomás Nasif;Delantero centro;02/01/2004;22;Argentina / Siria;1,85m;Derecho;14/01/2026;CA River Plate;31/12/2026;1,20 mill. €
Platense;11;Nicolás López;Delantero centro;01/10/1993;32;Uruguay;1,78m;Izquierdo;13/07/2026;Club Nacional;31/12/2027;800 mil €
Platense;99;Gonzalo Lencina;Delantero centro;18/10/1997;28;Argentina / Italia;1,78m;Derecho;06/02/2026;Deportes Tolima;31/12/2028;600 mil €
Platense;21;Augusto Lotti;Delantero centro;10/06/1996;30;Argentina / Italia;1,80m;Derecho;16/07/2024;CD Cruz Azul;31/12/2026;500 mil €
Platense;19;Héctor Bobadilla;Delantero centro;08/06/2001;25;Paraguay;1,77m;;19/01/2026;Club Cerro Porteño;31/12/2026;450 mil €
Platense;20;Luciano Giménez;Delantero centro;18/02/2000;26;Argentina;1,87m;Derecho;01/08/2026;Club Estudiantes de La Plata;30/06/2027;300 mil €
Platense;-;Bruno Sepúlveda;Delantero centro;17/09/1992;34;Argentina;1,88m;Derecho;02/09/2026;CA Banfield;31/12/2027;225 mil €
Independiente;77;Santiago Mele;Portero;06/09/1997;29;Uruguay / Italia;1,85m;Derecho;28/07/2026;CF Monterrey;30/06/2027;2,00 mill. €
Independiente;33;Rodrigo Rey;Portero;08/03/1991;35;Argentina / Italia;1,90m;Derecho;01/01/2023;Club de Gimnasia y Esgrima La Plata;31/12/2026;1,00 mill. €
Independiente;1;Joaquín Blázquez;Portero;28/01/2001;25;Argentina / Italia;1,93m;Derecho;14/01/2025;CA Talleres;31/12/2026;150 mil €
Independiente;35;Juan Miguel Arrayago;Defensa central;17/11/2008;17;Argentina;1,84m;Izquierdo;01/07/2026;CA Independiente II;31/12/2028;2,00 mill. €
Independiente;36;Sebastián Valdez;Defensa central;06/11/1995;30;Argentina;1,91m;Derecho;04/01/2025;CA Central Córdoba (SdE);31/12/2027;1,50 mill. €
Independiente;2;Franco Calderón;Defensa central;13/05/1998;28;Argentina;1,85m;Derecho;16/08/2026;Universidad de Chile;31/12/2027;1,20 mill. €
Independiente;13;Juan Fedorco;Defensa central;28/11/2000;25;Argentina;1,85m;Derecho;25/01/2024;CA Nueva Chicago;31/12/2028;700 mil €
Independiente;22;Facundo Zabala;Lateral izquierdo;02/01/1999;27;Argentina / España;1,72m;Izquierdo;24/07/2025;Club Olimpia;31/12/2028;1,80 mill. €
Independiente;3;Jonathan De Irastorza;Lateral izquierdo;05/08/2005;21;Argentina;1,74m;Izquierdo;01/01/2025;CA Independiente II;31/12/2026;125 mil €
Independiente;4;Santiago Arias;Lateral derecho;13/01/1992;34;Colombia;1,77m;Derecho;26/01/2026;Esporte Clube Bahia;31/12/2027;1,20 mill. €
Independiente;29;Leonardo Godoy;Lateral derecho;28/04/1995;31;Argentina;1,73m;Derecho;06/07/2025;Club Athletico Paranaense;31/12/2028;1,00 mill. €
Independiente;32;David Martínez;Pivote;14/06/2004;22;Argentina;1,70m;;01/01/2024;CA Independiente II;31/12/2027;1,20 mill. €
Independiente;23;Iván Marcone;Pivote;03/06/1990;36;Argentina / Italia;1,83m;Derecho;18/06/2022;Elche CF;31/12/2026;400 mil €
Independiente;37;Joel Medina;Mediocentro;07/07/2007;19;Argentina;1,74m;Derecho;;;31/12/2027;50 mil €
Independiente;14;Lautaro Millán;Mediocentro ofensivo;16/08/2005;21;Chile / Argentina;1,71m;Derecho;01/07/2024;CA Independiente II;31/12/2027;2,50 mill. €
Independiente;16;Mateo Pérez Curci;Mediocentro ofensivo;24/01/2006;20;Argentina;1,79m;;01/01/2026;CA Independiente II;31/12/2028;2,50 mill. €
Independiente;10;Luciano Cabral;Mediocentro ofensivo;26/04/1995;31;Chile / Argentina;1,72m;Derecho;01/01/2025;Club León FC;31/12/2027;750 mil €
Independiente;24;Josias Palais;Mediocentro ofensivo;11/04/2006;20;Argentina;1,81m;Derecho;01/07/2026;CA Independiente II;31/12/2029;300 mil €
Independiente;19;Matías Abaldo;Extremo izquierdo;03/04/2004;22;Uruguay / Alemania;1,72m;Derecho;01/07/2026;Defensor Sporting Club;31/12/2029;5,00 mill. €
Independiente;-;Rodrigo Márquez;Extremo izquierdo;15/02/2002;24;Argentina;1,77m;Izquierdo;01/07/2021;CA Independiente II;31/12/2027;100 mil €
Independiente;7;Santiago Montiel;Extremo derecho;22/11/2000;25;Argentina;1,66m;Izquierdo;14/08/2024;AA Argentinos Juniors;31/12/2028;4,00 mill. €
Independiente;8;Maximiliano Meza;Extremo derecho;15/12/1992;33;Argentina;1,81m;Derecho;01/07/2026;CA River Plate;31/12/2027;700 mil €
Independiente;15;Imanol Machuca;Extremo derecho;15/01/2000;26;Malasia / Argentina;1,70m;Derecho;31/07/2026;Fortaleza Esporte Clube;31/12/2029;-
Independiente;9;Iván Morales;Delantero centro;29/07/1999;27;Chile;1,80m;Derecho;08/09/2026;AA Argentinos Juniors;30/06/2027;1,50 mill. €
Independiente;6;Chimy Ávila;Delantero centro;06/02/1994;32;Argentina / España;1,72m;Derecho;18/08/2026;Real Betis Balompié;31/12/2028;1,00 mill. €
Independiente;34;Felipe Tempone;Delantero centro;03/02/2006;20;Argentina;1,84m;Derecho;01/07/2026;CA Independiente II;31/12/2027;100 mil €
Defensa y Justicia;1;Matías Borgogno;Portero;21/08/1998;28;Argentina / Italia;1,88m;Derecho;22/07/2026;CA San Martín (San Juan);30/06/2027;2,80 mill. €
Defensa y Justicia;36;Lautaro Amadé;Portero;21/12/1999;26;Argentina;1,93m;Derecho;01/01/2021;CSD Defensa y Justicia II;31/12/2026;300 mil €
Defensa y Justicia;29;Damián Fernández;Defensa central;02/01/2001;25;Argentina;1,79m;Derecho;06/07/2025;CA Vélez Sarsfield;31/12/2029;1,80 mill. €
Defensa y Justicia;21;David Martínez;Defensa central;21/01/1998;28;Paraguay / Argentina;1,85m;Izquierdo;14/01/2026;CA River Plate;31/12/2026;900 mil €
Defensa y Justicia;6;Ezequiel Burdín;Defensa central;16/10/2004;21;Uruguay;1,92m;Izquierdo;07/08/2026;Albion FC;30/06/2030;800 mil €
Defensa y Justicia;2;Samuel Lucero;Defensa central;29/07/2005;21;Argentina;1,84m;Izquierdo;01/01/2025;CSD Defensa y Justicia II;31/12/2027;250 mil €
Defensa y Justicia;32;Nazareno Roselli;Defensa central;09/08/2006;20;Argentina;1,84m;Derecho;14/01/2026;Arsenal FC;31/12/2028;150 mil €
Defensa y Justicia;3;Fernando Román;Lateral izquierdo;20/11/1998;27;Paraguay;1,86m;Izquierdo;09/07/2026;CA Aldosivi;31/12/2027;450 mil €
Defensa y Justicia;40;Máximo Rodríguez;Lateral izquierdo;05/02/2005;21;Argentina / España;1,83m;Izquierdo;14/01/2026;CA Talleres RE II;31/12/2027;150 mil €
Defensa y Justicia;30;Demián Domínguez;Lateral izquierdo;14/01/2006;20;Argentina;1,79m;;01/08/2026;CA Vélez Sarsfield;31/12/2027;25 mil €
Defensa y Justicia;16;Ayrton Portillo;Lateral derecho;18/08/2000;26;Argentina;1,82m;Derecho;10/07/2024;AMSD Atlético de Rafaela;31/12/2027;1,00 mill. €
Defensa y Justicia;33;Lucas Souto;Lateral derecho;11/10/1998;27;Argentina / Italia;1,80m;Ambidiestro;08/07/2022;Club Ferro Carril Oeste;31/12/2026;400 mil €
Defensa y Justicia;28;Valentín Loza;Lateral derecho;12/02/2007;19;Argentina;-;Derecho;01/07/2026;CSD Defensa y Justicia II;-;175 mil €
Defensa y Justicia;5;Julián López;Pivote;08/01/2000;26;Argentina;1,86m;Derecho;01/01/2024;Racing Club;31/12/2026;650 mil €
Defensa y Justicia;15;Santiago Sosa;Mediocentro;30/01/2005;21;Argentina;1,75m;Derecho;03/01/2025;CA San Lorenzo de Almagro;31/12/2028;4,00 mill. €
Defensa y Justicia;8;César Pérez;Mediocentro;29/11/2002;23;Chile;1,76m;Derecho;24/07/2024;Unión La Calera;31/12/2028;3,00 mill. €
Defensa y Justicia;-;Éver Banega;Mediocentro;29/06/1988;38;Argentina / España;1,74m;Derecho;14/01/2026;CA Newell's Old Boys;31/12/2026;400 mil €
Defensa y Justicia;10;Aarón Molinas;Mediocentro ofensivo;02/08/2000;26;Argentina / Italia;1,75m;Derecho;01/02/2024;CA Boca Juniors;31/12/2027;3,20 mill. €
Defensa y Justicia;19;David Barbona;Mediocentro ofensivo;22/02/1995;31;Argentina;1,76m;Derecho;03/01/2024;Club Tijuana;31/12/2026;450 mil €
Defensa y Justicia;23;Mateo Aguiar;Mediocentro ofensivo;18/03/2007;19;Argentina;1,68m;;01/01/2026;CSD Defensa y Justicia II;31/12/2028;225 mil €
Defensa y Justicia;-;Nicolás Palavecino;Mediocentro ofensivo;29/03/2003;23;Argentina;1,86m;Derecho;01/01/2025;Club Estudiantes de La Plata;31/12/2027;150 mil €
Defensa y Justicia;26;Jeremías Lucco;Mediocentro ofensivo;10/12/2005;20;Argentina;1,72m;Derecho;31/07/2026;CA Belgrano;31/12/2027;150 mil €
Defensa y Justicia;22;Maximiliano Porcel;Mediocentro ofensivo;02/01/2006;20;Argentina;1,78m;Izquierdo;01/08/2026;CA Vélez Sarsfield;31/12/2027;75 mil €
Defensa y Justicia;24;Juan Gutiérrez;Extremo izquierdo;04/02/2002;24;Uruguay / Italia;1,78m;Derecho;02/07/2026;UD Almería;30/06/2030;2,00 mill. €
Defensa y Justicia;27;Domingo Blanco;Extremo derecho;22/04/1995;31;Argentina;1,70m;Derecho;14/07/2026;Club Tijuana;30/06/2027;1,00 mill. €
Defensa y Justicia;25;Facundo Altamira;Extremo derecho;03/08/2001;25;Argentina;1,83m;Derecho;27/01/2026;CD Godoy Cruz Antonio Tomba;31/12/2026;550 mil €
Defensa y Justicia;17;Agustín Hausch;Extremo derecho;21/05/2003;23;Argentina;1,75m;Derecho;03/01/2025;CA San Lorenzo de Almagro;31/12/2028;400 mil €
Defensa y Justicia;11;Tiziano Perrotta;Delantero centro;25/11/2006;19;Argentina;1,80m;Izquierdo;14/08/2026;Elche CF;31/12/2026;3,50 mill. €
Defensa y Justicia;7;Tomás Pérez;Delantero centro;27/04/2006;20;Argentina;1,81m;Derecho;31/07/2026;Racing Club;31/12/2027;300 mil €
Defensa y Justicia;9;Leandro Fernández;Delantero centro;12/03/1991;35;Argentina;1,79m;Derecho;09/07/2026;AA Argentinos Juniors;31/12/2027;300 mil €
Gimnasia y Esgrima La Plata;23;Nelson Insfrán;Portero;24/05/1995;31;Argentina;1,79m;Derecho;01/07/2019;Club de Gimnasia y Esgrima La Plata II;31/12/2027;2,00 mill. €
Gimnasia y Esgrima La Plata;15;Harlen Castillo;Portero;17/08/1993;33;Colombia;1,88m;Derecho;14/07/2026;Atlético Nacional;31/12/2027;350 mil €
Gimnasia y Esgrima La Plata;27;Julián Kadijevic;Portero;27/01/2004;22;Argentina / Grecia;1,86m;Derecho;06/01/2024;Club Comunicaciones;31/12/2027;50 mil €
Gimnasia y Esgrima La Plata;4;Renzo Giampaoli;Defensa central;07/01/2000;26;Argentina / Italia;1,87m;Derecho;16/01/2025;CA Boca Juniors;31/12/2026;1,50 mill. €
Gimnasia y Esgrima La Plata;21;Enzo Martínez;Defensa central;29/04/1998;28;Uruguay;1,84m;Izquierdo;03/09/2024;Liverpool FC Montevideo;31/12/2028;1,50 mill. €
Gimnasia y Esgrima La Plata;35;Juan Cortazzo;Defensa central;18/10/2005;20;Argentina;1,91m;Ambidiestro;01/01/2026;Club de Gimnasia y Esgrima La Plata II;31/12/2027;400 mil €
Gimnasia y Esgrima La Plata;14;Gonzalo Errecalde;Defensa central;30/03/2000;26;Argentina;1,86m;Derecho;23/01/2026;CA Chacarita Juniors;31/12/2026;175 mil €
Gimnasia y Esgrima La Plata;13;Germán Conti;Defensa central;03/06/1994;32;Argentina / Italia;1,93m;Derecho;24/07/2025;Racing Club;30/06/2027;150 mil €
Gimnasia y Esgrima La Plata;24;Pedro Silva Torrejón;Lateral izquierdo;25/01/1997;29;Argentina / Italia;1,80m;Izquierdo;23/01/2025;Panetolikos;31/12/2026;1,20 mill. €
Gimnasia y Esgrima La Plata;22;Matías Melluso;Lateral izquierdo;09/06/1998;28;Argentina;1,70m;Izquierdo;24/01/2025;Pafos FC;31/12/2026;200 mil €
Gimnasia y Esgrima La Plata;25;Alexis Steimbach;Lateral derecho;25/07/2002;24;Argentina / Alemania;1,84m;Derecho;01/07/2022;Club de Gimnasia y Esgrima La Plata II;31/12/2026;2,20 mill. €
Gimnasia y Esgrima La Plata;31;Bautista Barros Schelotto;Lateral derecho;13/01/2000;26;Argentina / España;1,81m;Derecho;01/01/2022;Club de Gimnasia y Esgrima La Plata II;31/12/2026;350 mil €
Gimnasia y Esgrima La Plata;28;Fabricio Corbalán;Lateral derecho;29/09/2003;22;Argentina;1,70m;Derecho;01/01/2025;Club de Gimnasia y Esgrima La Plata II;31/12/2026;75 mil €
Gimnasia y Esgrima La Plata;10;Nicolás Barros Schelotto;Pivote;22/09/2006;20;Argentina;1,74m;Izquierdo;01/07/2025;Club de Gimnasia y Esgrima La Plata II;31/12/2027;6,00 mill. €
Gimnasia y Esgrima La Plata;5;Ignacio Miramón;Pivote;12/06/2003;23;Argentina / Italia;1,73m;Derecho;14/01/2026;LOSC Lille;31/12/2026;2,50 mill. €
Gimnasia y Esgrima La Plata;18;Mateo Seoane;Pivote;09/02/2004;22;Argentina / España;1,78m;Derecho;06/07/2025;CA Vélez Sarsfield;31/12/2026;700 mil €
Gimnasia y Esgrima La Plata;39;Facundo Di Biasi;Pivote;22/06/2005;21;Argentina;1,75m;Derecho;01/01/2025;Club de Gimnasia y Esgrima La Plata II;31/12/2028;300 mil €
Gimnasia y Esgrima La Plata;16;Augusto Max;Mediocentro;10/08/1992;34;Argentina;1,68m;Derecho;03/09/2024;FK Zeleznicar Pancevo;31/12/2026;100 mil €
Gimnasia y Esgrima La Plata;8;Nacho Fernández;Mediocentro ofensivo;12/01/1990;36;Argentina;1,82m;Izquierdo;14/01/2026;CA River Plate;31/12/2026;225 mil €
Gimnasia y Esgrima La Plata;20;Juan Pérez;Mediocentro ofensivo;25/07/2004;22;Colombia;1,69m;Izquierdo;04/07/2025;Deportivo Pereira;31/12/2026;150 mil €
Gimnasia y Esgrima La Plata;34;Leandro Mamut;Mediocentro ofensivo;31/12/2003;22;Argentina;1,78m;Derecho;01/01/2023;Club de Gimnasia y Esgrima La Plata II;31/12/2026;50 mil €
Gimnasia y Esgrima La Plata;42;Santiago Villarreal;Mediocentro ofensivo;20/11/2005;20;Argentina;1,68m;;01/01/2026;Club de Gimnasia y Esgrima La Plata II;31/12/2028;50 mil €
Gimnasia y Esgrima La Plata;11;Jeremías Merlo;Extremo izquierdo;20/06/2006;20;Argentina;1,70m;Derecho;01/01/2025;Club de Gimnasia y Esgrima La Plata II;31/12/2028;700 mil €
Gimnasia y Esgrima La Plata;17;Lucas Janson;Extremo izquierdo;16/08/1994;32;Argentina;1,71m;Derecho;28/07/2026;CA Boca Juniors;30/06/2027;200 mil €
Gimnasia y Esgrima La Plata;7;Manuel Panaro;Extremo derecho;28/12/2002;23;Argentina;1,81m;Derecho;13/08/2024;Al-Shahania SC;31/12/2027;1,80 mill. €
Gimnasia y Esgrima La Plata;43;Maximiliano Zalazar;Extremo derecho;08/03/2001;25;Argentina;1,75m;Derecho;06/07/2025;CA Boca Juniors;31/12/2026;375 mil €
Gimnasia y Esgrima La Plata;26;Franco Torres;Extremo derecho;25/05/1999;27;Argentina;1,70m;Derecho;01/01/2022;Club de Gimnasia y Esgrima La Plata II;31/12/2026;300 mil €
Gimnasia y Esgrima La Plata;32;Marcelo Torres;Delantero centro;06/11/1997;28;Argentina;1,80m;Derecho;08/07/2025;United FC (UAE);31/12/2029;2,80 mill. €
Gimnasia y Esgrima La Plata;29;Agustín Auzmendi;Delantero centro;01/02/1997;29;Argentina;1,81m;Derecho;15/01/2026;CD Godoy Cruz Antonio Tomba;31/12/2026;1,80 mill. €
Gimnasia y Esgrima La Plata;19;Agustín Colazo;Delantero centro;15/11/2000;25;Argentina;1,86m;Derecho;31/07/2026;CA Unión (Santa Fe);31/12/2027;350 mil €
Belgrano;25;Thiago Cardozo;Portero;31/07/1996;30;Uruguay;1,82m;Derecho;06/07/2025;CA Unión (Santa Fe);31/12/2026;3,20 mill. €
Belgrano;23;Manuel Vicentini;Portero;29/08/1990;36;Argentina / Italia;1,87m;Derecho;02/01/2023;CA Sarmiento (Junín);31/12/2026;75 mil €
Belgrano;28;Matías Daniele;Portero;02/01/2004;22;Argentina;1,95m;Derecho;;;31/12/2027;-
Belgrano;2;Alexis Maldonado;Defensa central;02/09/1997;29;Argentina;1,87m;Derecho;31/08/2025;CA Banfield;31/12/2027;1,00 mill. €
Belgrano;14;Leonardo Morales;Defensa central;11/04/1991;35;Argentina;1,80m;Derecho;06/07/2025;Club de Gimnasia y Esgrima La Plata;31/12/2027;600 mil €
Belgrano;16;Federico Ricca;Defensa central;01/12/1994;31;Uruguay / Italia;1,79m;Izquierdo;06/07/2025;Oud-Heverlee Leuven;31/12/2026;550 mil €
Belgrano;17;Lisandro López;Defensa central;01/09/1989;37;Argentina / España;1,87m;Derecho;06/07/2025;Club Olimpia;31/12/2027;300 mil €
Belgrano;13;Álvaro Ocampo;Defensa central;12/07/2004;22;Argentina;1,84m;Izquierdo;01/01/2026;CA Belgrano II;31/12/2029;75 mil €
Belgrano;3;Adrián Spörle;Lateral izquierdo;13/07/1995;31;Argentina / Alemania;1,82m;Izquierdo;06/07/2025;CA Independiente;31/12/2026;300 mil €
Belgrano;26;Alcides Benítez;Lateral derecho;28/06/2002;24;Paraguay;1,68m;Derecho;09/01/2026;Club Guaraní;31/12/2029;1,50 mill. €
Belgrano;45;Agustín Falcón;Lateral derecho;21/01/2005;21;Argentina;1,79m;;01/01/2026;CA Belgrano II;31/12/2027;100 mil €
Belgrano;5;Santiago Longo;Pivote;12/04/1998;28;Argentina / Italia;1,77m;Derecho;06/01/2020;CA Belgrano S20;31/12/2027;2,00 mill. €
Belgrano;21;Adrián Sánchez;Mediocentro;14/05/1999;27;Argentina / Italia;1,77m;Derecho;14/01/2026;Club Atlético Tucumán;31/12/2029;3,00 mill. €
Belgrano;53;Juan Velázquez;Interior izquierdo;19/11/2004;21;Argentina;1,77m;Izquierdo;01/07/2024;CA Belgrano II;31/12/2028;1,70 mill. €
Belgrano;10;Lucas Zelarayán;Mediocentro ofensivo;20/06/1992;34;Armenia / Argentina;1,73m;Derecho;01/01/2025;Al-Fateh SC;31/12/2027;2,80 mill. €
Belgrano;11;Francisco González Metilli;Mediocentro ofensivo;29/03/1997;29;Argentina;1,75m;Izquierdo;06/01/2024;AA Argentinos Juniors;31/12/2026;2,00 mill. €
Belgrano;51;Ramiro Hernandes;Mediocentro ofensivo;19/11/2004;21;Argentina;1,72m;Derecho;01/01/2025;CA Belgrano II;31/12/2028;2,00 mill. €
Belgrano;20;Franco Vázquez;Mediocentro ofensivo;22/02/1989;37;Argentina / Italia;1,87m;Izquierdo;26/01/2026;US Cremonese;31/12/2027;600 mil €
Belgrano;15;Ramiro Tulián;Mediocentro ofensivo;19/01/2008;18;Argentina;1,77m;;01/01/2026;CA Belgrano II;31/12/2028;50 mil €
Belgrano;30;Gonzalo Zelarayán;Mediocentro ofensivo;28/04/2004;22;Argentina;1,79m;Izquierdo;01/01/2025;CA Belgrano II;31/12/2027;25 mil €
Belgrano;24;Emiliano Rigoni;Extremo derecho;04/02/1993;33;Argentina / Italia;1,82m;Ambidiestro;14/01/2026;São Paulo FC;31/12/2027;1,00 mill. €
Belgrano;29;Agustín Melano;Extremo derecho;26/08/2004;22;Argentina;-;;01/07/2025;CA Belgrano II;31/12/2026;-
Belgrano;22;Nicolás Fernández;Delantero centro;08/02/1996;30;Argentina;1,66m;Derecho;15/07/2024;CSD Defensa y Justicia;31/12/2027;3,00 mill. €
Belgrano;9;Lucas Passerini;Delantero centro;16/07/1994;32;Argentina / Chile;1,89m;Derecho;12/08/2023;Unión La Calera;31/12/2028;1,50 mill. €
Belgrano;37;Lautaro Gutiérrez;Delantero centro;05/02/2006;20;Argentina;1,85m;Derecho;01/01/2026;CA Belgrano II;31/12/2026;250 mil €
Huracán;32;Sebastián Meza;Portero;14/03/2000;26;Argentina;1,80m;Derecho;01/07/2021;CA Huracán II;31/12/2027;450 mil €
Huracán;1;Hernán Galíndez;Portero;30/03/1987;39;Ecuador / Argentina;1,89m;Derecho;08/01/2024;SD Aucas;31/12/2027;300 mil €
Huracán;27;Nazareno Durán;Portero;10/05/2004;22;Argentina;1,89m;Derecho;01/01/2025;CA Huracán II;31/12/2027;-
Huracán;35;Máximo Palazzo;Defensa central;06/06/2005;21;Argentina;1,86m;Izquierdo;01/01/2026;CA Huracán II;31/12/2028;2,00 mill. €
Huracán;21;Hugo Nervo;Defensa central;06/01/1991;35;Argentina;1,83m;Derecho;23/07/2025;Atlas Guadalajara;31/12/2026;225 mil €
Huracán;6;Fabio Pereyra;Defensa central;31/01/1990;36;Argentina;1,85m;Derecho;15/08/2023;CA Central Córdoba (SdE);31/12/2026;150 mil €
Huracán;22;Daniel Zabala;Defensa central;17/01/2003;23;Argentina;1,81m;Derecho;16/01/2025;CA River Plate;31/12/2026;100 mil €
Huracán;25;César Ibáñez;Lateral izquierdo;17/06/1999;27;Argentina;1,70m;Izquierdo;01/07/2021;CA Huracán II;31/12/2028;2,50 mill. €
Huracán;19;Leandro Lescano;Lateral izquierdo;03/03/2003;23;Argentina;1,72m;Izquierdo;01/01/2025;CA Huracán II;31/12/2028;175 mil €
Huracán;2;Lucas Blondel;Lateral derecho;14/09/1996;30;Suiza / Argentina;1,78m;Derecho;06/03/2026;CA Boca Juniors;31/12/2026;1,50 mill. €
Huracán;4;Federico Vera;Lateral derecho;24/03/1998;28;Argentina;1,78m;Derecho;14/01/2026;CA Independiente;31/12/2026;750 mil €
Huracán;34;Ignacio Campo;Lateral derecho;30/03/2005;21;Argentina;1,80m;Derecho;01/01/2026;CA Huracán II;31/12/2028;300 mil €
Huracán;5;Rodrigo Fernández Cedrés;Pivote;03/01/1996;30;Uruguay;1,74m;Derecho;01/08/2026;CA Independiente;31/12/2027;600 mil €
Huracán;20;Emmanuel Ojeda;Pivote;05/11/1997;28;Argentina;1,80m;Derecho;14/01/2026;Universidad de Chile;31/12/2028;600 mil €
Huracán;41;Lautaro Mora;Pivote;25/02/2005;21;Argentina;1,80m;Derecho;01/01/2026;CA Huracán II;31/12/2028;25 mil €
Huracán;8;Leonardo Gil;Mediocentro;31/05/1991;35;Chile / Argentina;1,76m;Izquierdo;11/01/2025;CSD Colo-Colo;31/12/2026;375 mil €
Huracán;52;Facundo Kalinger;Interior derecho;30/01/2005;21;Argentina;1,76m;Izquierdo;01/01/2026;CA Huracán II;31/12/2028;1,50 mill. €
Huracán;-;Santiago Luján;Interior derecho;23/01/2002;24;Argentina;1,73m;Derecho;01/01/2023;CA Huracán II;31/12/2026;100 mil €
Huracán;15;Facundo Waller;Interior izquierdo;09/04/1997;29;Uruguay;1,74m;Izquierdo;24/07/2025;Club Puebla;31/12/2028;1,50 mill. €
Huracán;11;Thaiel Peralta;Mediocentro ofensivo;21/09/2008;18;Argentina;1,72m;Izquierdo;01/01/2026;CA Huracán II;31/12/2028;1,00 mill. €
Huracán;10;Óscar Romero;Mediocentro ofensivo;04/07/1992;34;Paraguay;1,76m;Izquierdo;18/02/2026;Sin equipo;31/12/2026;450 mil €
Huracán;7;Óscar Cortés;Extremo izquierdo;03/12/2003;22;Colombia;1,78m;Derecho;14/01/2026;Rangers FC;31/12/2026;3,00 mill. €
Huracán;17;Juan Bisanz;Extremo derecho;28/08/2001;25;Argentina / Italia;1,80m;Derecho;01/07/2025;CA Banfield;31/12/2028;1,50 mill. €
Huracán;49;Tomás Uribe;Extremo derecho;27/06/2007;19;Argentina;-;Derecho;30/06/2026;CA Huracán II;-;100 mil €
Huracán;9;Jordy Caicedo;Delantero centro;18/11/1997;28;Ecuador;1,86m;Derecho;14/01/2026;Atlas Guadalajara;31/12/2026;2,00 mill. €
Huracán;33;Bruno Barticciotto;Delantero centro;07/05/2001;25;Chile / Italia;1,78m;Derecho;02/09/2026;CA Talleres;31/12/2026;1,50 mill. €
Huracán;23;Ignacio Pussetto;Delantero centro;21/12/1995;30;Argentina / Italia;1,80m;Derecho;31/07/2026;CA Independiente;31/12/2027;1,30 mill. €
Gimnasia y Esgrima (Mza);31;Lautaro Petruchi;Portero;01/09/1998;28;Argentina;1,84m;Derecho;04/01/2024;Instituto ACC;31/12/2026;150 mil €
Gimnasia y Esgrima (Mza);23;César Rigamonti;Portero;07/04/1987;39;Argentina;1,86m;Derecho;24/01/2025;CD Palestino;31/12/2026;50 mil €
Gimnasia y Esgrima (Mza);6;Imanol González;Defensa central;06/01/1998;28;Argentina / Italia;1,84m;Izquierdo;23/01/2025;Club Deportivo Maipú;31/12/2027;700 mil €
Gimnasia y Esgrima (Mza);16;Germán Guiffrey;Defensa central;31/12/1997;28;Argentina;1,79m;Izquierdo;24/07/2026;CA Tigre;31/12/2027;400 mil €
Gimnasia y Esgrima (Mza);2;Diego Mondino;Defensa central;14/11/1994;31;Argentina;1,83m;Derecho;02/06/2024;Universidad Técnica de Cajamarca;31/12/2026;300 mil €
Gimnasia y Esgrima (Mza);4;Ezequiel Muñoz;Defensa central;08/10/1990;35;Argentina / Italia;1,85m;Derecho;14/01/2026;CA Lanús;31/12/2026;75 mil €
Gimnasia y Esgrima (Mza);42;Lautaro Carrera;Defensa central;30/05/2003;23;Argentina;1,88m;Derecho;19/06/2025;Instituto ACC;31/12/2026;75 mil €
Gimnasia y Esgrima (Mza);41;Gerónimo Patritti;Defensa central;14/01/2003;23;Argentina;1,85m;;27/01/2026;Cañuelas FC;31/12/2027;25 mil €
Gimnasia y Esgrima (Mza);3;Matías Recalde;Lateral izquierdo;09/07/1997;29;Argentina;1,78m;Izquierdo;01/01/2023;CA Sansinena Social y Deportivo;31/12/2026;600 mil €
Gimnasia y Esgrima (Mza);24;Franco Saavedra;Lateral izquierdo;02/09/2003;23;Argentina;1,78m;Izquierdo;14/01/2026;CA Talleres;31/12/2028;350 mil €
Gimnasia y Esgrima (Mza);32;Luciano Paredes;Lateral derecho;09/09/2002;24;Argentina;1,88m;Derecho;14/01/2026;Club Deportivo Maipú;31/12/2026;450 mil €
Gimnasia y Esgrima (Mza);22;Juan Franco;Lateral derecho;10/02/1992;34;Paraguay;1,76m;Derecho;14/01/2026;Instituto ACC;31/12/2026;125 mil €
Gimnasia y Esgrima (Mza);36;Ismael Cortéz;Lateral derecho;26/06/2000;26;Argentina;1,83m;Derecho;18/03/2022;Gimnasia y Esgrima de Mendoza II;31/12/2027;125 mil €
Gimnasia y Esgrima (Mza);21;Fermín Antonini;Pivote;02/07/1997;29;Argentina / Italia;1,74m;Derecho;09/01/2024;Club Deportivo Riestra;31/12/2026;300 mil €
Gimnasia y Esgrima (Mza);28;Tomás O'Connor;Mediocentro;25/03/2004;22;Argentina / Irlanda;1,75m;Derecho;31/01/2026;CA Rosario Central;31/12/2026;700 mil €
Gimnasia y Esgrima (Mza);19;Julián Ceballos;Mediocentro;13/09/2004;22;Argentina;1,74m;Izquierdo;14/01/2026;CA Boca Juniors;31/12/2026;450 mil €
Gimnasia y Esgrima (Mza);5;Nahuel Barboza;Mediocentro;16/09/1999;27;Argentina;1,76m;Derecho;01/01/2023;CSD San Martín (Burzaco);31/12/2026;150 mil €
Gimnasia y Esgrima (Mza);20;Tomás Ortiz;Mediocentro;10/03/2000;26;Argentina;1,83m;Derecho;14/01/2026;CSD Defensa y Justicia;31/12/2026;125 mil €
Gimnasia y Esgrima (Mza);30;Esteban Fernández;Mediocentro ofensivo;06/01/2002;24;Argentina;1,72m;Derecho;14/01/2026;Arsenal FC;31/12/2026;1,00 mill. €
Gimnasia y Esgrima (Mza);8;Matías Vargas;Extremo izquierdo;08/05/1997;29;Argentina;1,68m;Derecho;10/08/2026;Al-Fateh SC;31/12/2028;3,50 mill. €
Gimnasia y Esgrima (Mza);26;Facundo Lencioni;Extremo izquierdo;14/02/2001;25;Argentina;1,80m;Izquierdo;14/01/2026;CA Belgrano;31/12/2028;3,50 mill. €
Gimnasia y Esgrima (Mza);27;Blas Armoa;Extremo izquierdo;03/02/2000;26;Paraguay;1,79m;Derecho;21/01/2026;CA Tigre;31/12/2026;350 mil €
Gimnasia y Esgrima (Mza);33;Brian Andrada;Extremo izquierdo;22/06/1997;29;Argentina;1,67m;Izquierdo;23/08/2018;Club Ferro Carril Oeste (Gral. Pico);31/12/2026;150 mil €
Gimnasia y Esgrima (Mza);15;Ulises Sánchez;Extremo derecho;26/06/1998;28;Argentina;1,69m;Derecho;24/01/2026;CA Belgrano;31/12/2026;1,30 mill. €
Gimnasia y Esgrima (Mza);7;Luciano Cingolani;Extremo derecho;06/04/2001;25;Argentina / Italia;1,72m;Derecho;23/01/2025;CD Godoy Cruz Antonio Tomba;31/12/2026;250 mil €
Gimnasia y Esgrima (Mza);17;Ignacio Sabatini;Extremo derecho;21/06/1999;27;Argentina / Italia;1,78m;Derecho;29/01/2026;Arsenal FC;31/12/2028;175 mil €
Gimnasia y Esgrima (Mza);10;Nicolás Romano;Mediapunta;05/11/1999;26;Argentina;1,70m;Derecho;01/07/2018;Gimnasia y Esgrima de Mendoza U19;31/12/2027;100 mil €
Gimnasia y Esgrima (Mza);29;Agustín Módica;Delantero centro;12/01/2003;23;Italia / Argentina;1,87m;Derecho;31/01/2026;CA Rosario Central;31/12/2029;5,50 mill. €
Gimnasia y Esgrima (Mza);11;Santiago Rodríguez;Delantero centro;23/08/1997;29;Argentina;1,71m;Izquierdo;14/01/2026;AA Argentinos Juniors;31/12/2026;600 mil €
Gimnasia y Esgrima (Mza);35;Valentino Simoni;Delantero centro;30/04/2004;22;Argentina;1,84m;Derecho;14/01/2026;CA Boca Juniors;31/12/2026;350 mil €
Barracas Central;30;Marcelo Miño;Portero;21/08/1997;29;Argentina;1,86m;Derecho;01/01/2025;Club Ferro Carril Oeste;31/12/2026;800 mil €
Barracas Central;1;Juan Espínola;Portero;02/11/1994;31;Paraguay;1,85m;Derecho;22/01/2026;CA Newell's Old Boys;31/12/2026;700 mil €
Barracas Central;38;Juan Pablo Insúa;Portero;04/01/2005;21;Argentina;1,88m;Derecho;01/01/2025;CA Barracas Central II;31/12/2027;-
Barracas Central;14;Kevin Jappert;Defensa central;25/02/2004;22;Argentina / Italia;1,89m;Derecho;18/01/2025;AMSD Atlético de Rafaela;31/12/2026;3,20 mill. €
Barracas Central;31;Nicolás Demartini;Defensa central;04/11/1999;26;Argentina;1,79m;Izquierdo;01/01/2025;CA Temperley;31/12/2026;1,00 mill. €
Barracas Central;2;Nicolás Capraro;Defensa central;03/03/1998;28;Argentina / Italia;1,84m;Derecho;01/01/2025;Club Olimpo;31/12/2027;750 mil €
Barracas Central;15;Yonatthan Rak;Defensa central;18/08/1993;33;Uruguay / Italia;1,88m;Derecho;08/01/2025;CA Central Córdoba (SdE);31/12/2026;200 mil €
Barracas Central;32;Fernando Tobio;Defensa central;18/10/1989;36;Argentina / Italia;1,86m;Derecho;07/01/2025;CA Huracán;31/12/2026;125 mil €
Barracas Central;37;Gastón Campi;Defensa central;06/04/1991;35;Argentina / Italia;1,93m;Izquierdo;21/01/2026;Barcelona SC Guayaquil;31/12/2026;125 mil €
Barracas Central;6;Rodrigo Insúa;Lateral izquierdo;16/12/1997;28;Argentina / España;1,81m;Izquierdo;01/01/2023;Club Deportivo Riestra;31/12/2026;2,00 mill. €
Barracas Central;17;Elías Pereyra;Lateral izquierdo;15/02/1999;27;Argentina;1,75m;Izquierdo;14/07/2026;CSD Defensa y Justicia;31/12/2027;400 mil €
Barracas Central;4;Damián Martínez;Lateral derecho;31/01/1990;36;Argentina;1,77m;Derecho;18/02/2026;Club Atlético Tucumán;31/12/2026;100 mil €
Barracas Central;13;Rafael Barrios;Lateral derecho;23/05/1993;33;Argentina;1,78m;Derecho;08/01/2025;CA Central Córdoba (SdE);31/12/2026;75 mil €
Barracas Central;35;Esteban Rolón;Pivote;25/03/1995;31;Argentina / Polonia;1,78m;Derecho;05/08/2026;CA Aldosivi;31/12/2027;275 mil €
Barracas Central;25;Yeison Gordillo;Pivote;25/06/1992;34;Colombia;1,76m;Derecho;29/01/2026;Deportivo Cali;31/12/2026;100 mil €
Barracas Central;5;Dardo Miloc;Pivote;16/10/1990;35;Argentina / Italia;1,77m;Derecho;01/07/2024;CA Central Córdoba (SdE);31/12/2026;75 mil €
Barracas Central;19;Carlos Arce;Pivote;16/09/1990;36;Argentina;1,69m;Derecho;01/07/2009;Club Atlético Barracas Central U20;31/12/2026;25 mil €
Barracas Central;16;Iván Guaraz;Mediocentro;11/03/2005;21;Argentina;1,76m;Derecho;01/01/2025;CA Barracas Central II;31/12/2026;250 mil €
Barracas Central;79;Maximiliano Puig;Mediocentro;18/09/2000;26;Argentina;1,79m;Derecho;01/07/2021;CA Barracas Central II;31/12/2026;25 mil €
Barracas Central;8;Tomás Porra;Mediocentro ofensivo;09/01/2004;22;Argentina;1,73m;Izquierdo;08/01/2025;CA San Lorenzo de Almagro II;31/12/2026;2,50 mill. €
Barracas Central;33;Gonzalo Maroni;Mediocentro ofensivo;18/03/1999;27;Argentina / Italia;1,70m;Derecho;26/01/2026;CA Boca Juniors;31/12/2026;2,00 mill. €
Barracas Central;10;Iván Tapia;Mediocentro ofensivo;23/11/1998;27;Argentina / Italia;1,76m;Derecho;28/07/2024;CA San Lorenzo de Almagro;31/12/2026;1,20 mill. €
Barracas Central;28;Rodrigo Bogarín;Mediocentro ofensivo;24/05/1997;29;Paraguay;1,82m;Derecho;21/01/2026;CSD Defensa y Justicia;31/12/2026;350 mil €
Barracas Central;18;Manuel Duarte;Mediocentro ofensivo;23/08/2001;25;Argentina;1,71m;Derecho;14/01/2026;CSD Defensa y Justicia;31/12/2026;200 mil €
Barracas Central;36;Tomás Lavezzi;Mediocentro ofensivo;10/05/2005;21;Argentina;1,67m;;08/07/2025;CA Unión (Santa Fe) II;31/12/2026;-
Barracas Central;11;Norberto Briasco;Extremo derecho;29/02/1996;30;Armenia / Argentina;1,86m;Ambidiestro;16/01/2026;CA Boca Juniors;31/12/2026;200 mil €
Barracas Central;24;Enzo Taborda;Extremo derecho;20/05/2005;21;Argentina;1,67m;Derecho;22/01/2026;CA Independiente;31/12/2026;100 mil €
Barracas Central;77;Facundo Bruera;Delantero centro;23/09/1998;28;Argentina / Italia;1,94m;Derecho;31/07/2026;CA San Lorenzo de Almagro;31/12/2026;1,80 mill. €
Barracas Central;9;Gonzalo Morales;Delantero centro;04/03/2003;23;Argentina;1,78m;Izquierdo;06/01/2025;CA Boca Juniors;31/12/2026;900 mil €
Barracas Central;20;Jhonatan Candia;Delantero centro;15/03/1995;31;Uruguay;1,77m;Derecho;15/01/2024;CA Rosario Central;31/12/2026;700 mil €
Barracas Central;34;Nicolás Orsini;Delantero centro;12/09/1994;32;Argentina / Italia;1,87m;Derecho;31/07/2026;CA Boca Juniors;31/12/2027;250 mil €
Barracas Central;7;Juan Barbieri;Delantero centro;17/09/1996;30;Argentina;1,76m;Derecho;13/07/2026;Club Deportivo Armenio;30/06/2027;175 mil €
Barracas Central;23;Wilfredo Rivera;Delantero centro;14/10/2003;22;Puerto Rico / Estados Unidos;1,68m;Izquierdo;14/01/2026;Academia Quintana;31/12/2026;100 mil €
Barracas Central;21;Lucas Gamba;Delantero centro;24/06/1987;39;Argentina / Italia;1,65m;Derecho;21/01/2026;CA Unión (Santa Fe);31/12/2026;50 mil €
Instituto;29;Marcos Ledesma;Portero;15/09/1996;30;Argentina;1,90m;Derecho;07/07/2026;CSD Defensa y Justicia;31/12/2027;1,00 mill. €
Instituto;35;Emanuel Sittaro;Portero;15/10/1999;26;Argentina;1,85m;Derecho;01/07/2019;Instituto ACC U19;31/12/2027;25 mil €
Instituto;6;Fernando Alarcón;Defensa central;16/06/1994;32;Argentina;1,83m;Derecho;04/01/2022;CA Tigre;31/12/2026;1,30 mill. €
Instituto;26;Leonel Mosevich;Defensa central;04/02/1997;29;Argentina;1,85m;Derecho;24/01/2025;AA Argentinos Juniors;31/12/2026;750 mil €
Instituto;30;Jonatan Galván;Defensa central;25/06/1992;34;Argentina;1,80m;Derecho;14/01/2026;AA Argentinos Juniors;31/12/2026;325 mil €
Instituto;22;Agustín Massaccesi;Defensa central;17/09/2002;24;Argentina;1,90m;Derecho;01/01/2024;Instituto ACC II;31/12/2026;200 mil €
Instituto;32;Agustín Bravo;Defensa central;11/05/2001;25;Argentina;1,85m;Izquierdo;01/07/2025;CA Rosario Central;31/12/2026;50 mil €
Instituto;3;Diego Sosa;Lateral izquierdo;28/07/1997;29;Argentina;1,77m;Izquierdo;14/01/2026;CA Tigre;31/12/2026;800 mil €
Instituto;23;Andrés Meli;Lateral izquierdo;01/09/2000;26;Argentina;1,75m;Izquierdo;07/02/2026;CD Godoy Cruz Antonio Tomba;-;350 mil €
Instituto;44;Giuliano Cerato;Lateral derecho;10/06/1998;28;Argentina / Italia;1,70m;Derecho;01/01/2022;CD UAI Urquiza;31/12/2027;1,20 mill. €
Instituto;2;Hernán de la Fuente;Lateral derecho;07/01/1997;29;Argentina / España;1,78m;Derecho;14/01/2026;CA Huracán;31/12/2026;300 mil €
Instituto;55;Gustavo Abregú;Pivote;04/07/1997;29;Argentina;1,85m;Derecho;01/01/2026;CA San Martín (Tucumán);31/12/2026;600 mil €
Instituto;13;Juan Ignacio Méndez;Pivote;28/04/1997;29;Argentina / Chile;1,78m;Derecho;01/07/2026;CA Newell's Old Boys;31/12/2027;400 mil €
Instituto;61;Joaquín Medina;Pivote;23/03/2005;21;Argentina;1,75m;Derecho;;;31/12/2027;-
Instituto;14;Wílder Viera;Mediocentro;04/03/2002;24;Paraguay;1,82m;Izquierdo;25/07/2026;Club Cerro Porteño;31/12/2027;750 mil €
Instituto;5;Franco Moyano;Mediocentro;13/09/1997;29;Argentina;1,71m;Derecho;14/01/2026;CA Talleres;31/12/2026;700 mil €
Instituto;10;Alex Luna;Mediocentro ofensivo;31/03/2004;22;Argentina;1,74m;Derecho;14/01/2026;AMSD Atlético de Rafaela;31/12/2029;6,00 mill. €
Instituto;15;Matías Gallardo;Mediocentro ofensivo;23/11/2003;22;Argentina;1,75m;Izquierdo;02/01/2025;Atlanta United 2;31/12/2027;1,00 mill. €
Instituto;21;Jeremías Lázaro;Mediocentro ofensivo;28/06/2004;22;Argentina;1,75m;Derecho;01/07/2024;Instituto ACC II;31/12/2029;200 mil €
Instituto;8;Jonás Acevedo;Extremo izquierdo;06/02/1997;29;Argentina;1,72m;Izquierdo;01/01/2025;CA Huracán;31/12/2026;450 mil €
Instituto;72;Luca Rafaelli;Extremo izquierdo;21/08/2008;18;Argentina;-;;01/01/2026;Instituto ACC II;31/12/2028;400 mil €
Instituto;25;Lorenzo Albarracín;Extremo izquierdo;17/02/2007;19;Argentina;1,70m;Izquierdo;;;31/12/2027;25 mil €
Instituto;20;Jhon Córdoba;Extremo derecho;15/07/2000;26;Colombia;1,84m;Derecho;20/07/2026;Millonarios FC;30/06/2029;1,20 mill. €
Instituto;19;Lucas Sanseviero;Extremo derecho;05/08/2000;26;Uruguay;1,80m;Derecho;01/08/2026;Real Valladolid CF;31/12/2027;650 mil €
Instituto;17;Matías Tissera;Delantero centro;06/09/1996;30;Argentina;1,73m;Derecho;03/03/2026;Ludogorets Razgrad;31/12/2026;600 mil €
Instituto;7;Nicolás Guerra;Delantero centro;09/01/1999;27;Chile;1,74m;Derecho;15/01/2026;Universidad de Chile;31/12/2026;400 mil €
Instituto;9;Facundo Suárez;Delantero centro;01/07/1994;32;Argentina;1,83m;Derecho;13/01/2024;CD América de Cali;31/12/2026;400 mil €
Instituto;11;Matías Fonseca;Delantero centro;12/03/2001;25;Uruguay / Italia;1,81m;Derecho;06/07/2025;Racing Club de Montevideo;31/12/2027;350 mil €
Unión;21;Matías Mansilla;Portero;15/01/1996;30;Argentina;1,92m;Derecho;14/01/2026;Club Estudiantes de La Plata;31/12/2026;2,50 mill. €
Unión;28;Federico Gomes Gerth;Portero;05/03/2004;22;Argentina / Portugal;1,95m;Derecho;01/08/2025;Académico Viseu FC;31/12/2026;100 mil €
Unión;40;Lucas Meuli;Portero;30/06/2001;25;Argentina;1,85m;Izquierdo;01/07/2023;CA Unión (Santa Fe) II;31/12/2026;-
Unión;26;Juan Pablo Ludueña;Defensa central;11/02/2003;23;Argentina;1,85m;Derecho;01/01/2023;CA Unión (Santa Fe) II;31/12/2026;2,50 mill. €
Unión;4;Matías Rocha;Defensa central;13/02/2001;25;Uruguay;1,83m;Derecho;31/07/2026;FC Arouca;31/12/2029;400 mil €
Unión;44;Tomas Fagioli;Defensa central;22/08/2005;21;Argentina;-;;01/07/2026;CA Unión (Santa Fe) II;31/12/2027;75 mil €
Unión;18;Lucas Ayala;Lateral izquierdo;11/02/2007;19;Argentina;-;;01/07/2026;CA Unión (Santa Fe) II;31/12/2028;800 mil €
Unión;12;Bruno Pittón;Lateral izquierdo;01/02/1993;33;Argentina;1,79m;Izquierdo;01/01/2024;CA Newell's Old Boys;31/12/2026;250 mil €
Unión;35;Lautaro Vargas;Lateral derecho;01/02/2005;21;Argentina;1,73m;Derecho;01/07/2024;CA Unión (Santa Fe) II;31/12/2028;3,50 mill. €
Unión;15;Juan Pintado;Lateral derecho;28/07/1997;29;Uruguay;1,72m;Derecho;23/07/2026;Club de Gimnasia y Esgrima La Plata;31/12/2026;1,00 mill. €
Unión;-;Tobías Rubio;Lateral derecho;27/07/2004;22;Argentina;1,77m;Derecho;08/09/2026;Racing Club;30/06/2027;300 mil €
Unión;17;Joaquín Mosqueira;Pivote;01/11/2004;21;Argentina / Italia;1,84m;Derecho;31/07/2026;CA Talleres;31/12/2027;1,20 mill. €
Unión;43;Emilio Giaccone;Mediocentro;14/01/2005;21;Argentina / Italia;1,89m;Derecho;01/01/2025;CA Unión (Santa Fe) II;31/12/2026;200 mil €
Unión;5;Lucas Menossi;Mediocentro;11/07/1992;34;Argentina / Italia;1,69m;Derecho;27/01/2026;CA Belgrano;31/12/2026;125 mil €
Unión;22;Brahian Cuello;Interior derecho;30/09/1997;28;Argentina;1,70m;Derecho;22/01/2026;Delfín SC;31/12/2026;700 mil €
Unión;23;Augusto Solari;Interior derecho;03/01/1992;34;Argentina / Italia;1,78m;Derecho;24/07/2025;CA Rosario Central;31/12/2026;125 mil €
Unión;20;Julián Palacios;Mediocentro ofensivo;04/02/1999;27;Argentina;1,69m;Derecho;22/01/2025;CA San Lorenzo de Almagro;31/12/2026;2,50 mill. €
Unión;11;Mauro Luna Diale;Mediocentro ofensivo;26/04/1999;27;Argentina;1,73m;Derecho;17/07/2026;Akhmat Grozny;30/06/2027;450 mil €
Unión;10;Ignacio Malcorra;Mediocentro ofensivo;24/07/1987;39;Argentina;1,70m;Izquierdo;21/07/2026;CA Independiente;30/06/2027;250 mil €
Unión;46;Santiago Grella;Mediocentro ofensivo;16/03/2005;21;Argentina;1,70m;Derecho;01/01/2026;CA Unión (Santa Fe) II;31/12/2028;25 mil €
Unión;7;Franco Fragapane;Extremo izquierdo;06/02/1993;33;Argentina / Italia;1,67m;Derecho;06/01/2025;Minnesota United FC;31/12/2026;300 mil €
Unión;31;Misael Aguirre;Extremo derecho;29/10/2007;18;Argentina;1,72m;Derecho;01/01/2026;CA Unión (Santa Fe) II;31/12/2028;350 mil €
Unión;19;Marcelo Estigarribia;Delantero centro;10/04/1995;31;Argentina;1,84m;Derecho;30/01/2025;Club Atlético Tucumán;31/12/2027;1,00 mill. €
Unión;43;Eric Ramírez;Delantero centro;21/09/1996;30;Argentina;1,70m;Derecho;20/07/2026;CA Huracán;31/12/2027;600 mil €
Unión;25;Cristian Tarragona;Delantero centro;09/04/1991;35;Argentina;1,76m;Derecho;27/06/2025;CA Talleres;31/12/2026;200 mil €
Unión;38;Valentín Cerrudo;Delantero centro;17/03/2006;20;Argentina;1,85m;Derecho;01/07/2026;CA Unión (Santa Fe) II;31/12/2028;25 mil €
Club Atlético Tucumán;1;Luis Ingolotti;Portero;14/01/2000;26;Argentina;1,85m;Derecho;14/01/2026;Club de Gimnasia y Esgrima La Plata;31/12/2026;2,00 mill. €
Club Atlético Tucumán;25;Tomás Durso;Portero;26/02/1999;27;Argentina / Italia;1,85m;Derecho;01/01/2025;Club de Gimnasia y Esgrima La Plata;31/12/2027;500 mil €
Club Atlético Tucumán;12;Patricio Albornoz;Portero;04/04/2000;26;Argentina;1,93m;Derecho;01/01/2025;Club Atlético Tucumán II;31/12/2026;-
Club Atlético Tucumán;26;Clever Ferreira;Defensa central;20/02/2003;23;Paraguay;1,85m;Derecho;21/06/2025;Sportivo Ameliano;31/12/2026;2,50 mill. €
Club Atlético Tucumán;36;Luciano Vallejo;Defensa central;29/05/2004;22;Argentina;1,81m;Izquierdo;01/01/2026;Club Atlético Tucumán II;31/12/2026;900 mil €
Club Atlético Tucumán;6;Gianluca Ferrari;Defensa central;30/06/1997;29;Argentina / Italia;1,81m;Derecho;01/01/2025;CD Godoy Cruz Antonio Tomba;31/12/2027;350 mil €
Club Atlético Tucumán;20;Gastón Suso;Defensa central;12/03/1991;35;Argentina;1,90m;Izquierdo;19/01/2026;Club de Gimnasia y Esgrima La Plata;31/12/2027;275 mil €
Club Atlético Tucumán;17;Juan Gabriel Rodríguez;Defensa central;28/02/1994;32;Argentina;1,88m;Derecho;30/07/2026;CA Talleres;31/12/2027;250 mil €
Club Atlético Tucumán;21;Ignacio Galván;Lateral izquierdo;06/09/2002;24;Argentina;1,81m;Izquierdo;06/07/2025;Racing Club;31/12/2026;500 mil €
Club Atlético Tucumán;32;Juan Infante;Lateral izquierdo;07/01/1996;30;Argentina;1,77m;Izquierdo;23/01/2024;CA Platense;31/12/2027;400 mil €
Club Atlético Tucumán;2;Ramiro Paunero;Lateral izquierdo;14/03/2005;21;Argentina;1,76m;;01/01/2026;Club Atlético Tucumán II;31/12/2027;25 mil €
Club Atlético Tucumán;3;Maximiliano Villa;Lateral derecho;03/03/1997;29;Uruguay / Italia;1,84m;Derecho;06/07/2025;Montevideo City Torque;31/12/2028;375 mil €
Club Atlético Tucumán;24;Leonel Di Plácido;Lateral derecho;28/01/1994;32;Argentina / Italia;1,76m;Derecho;14/01/2026;Sin equipo;31/12/2027;200 mil €
Club Atlético Tucumán;16;Moisés Brandán;Lateral derecho;26/08/2000;26;Argentina;1,82m;Derecho;01/01/2023;Club Atlético Tucumán II;31/12/2027;75 mil €
Club Atlético Tucumán;19;Leonel Vega;Pivote;08/01/2004;22;Argentina;1,76m;Derecho;01/01/2025;Club Atlético Tucumán II;31/12/2026;1,00 mill. €
Club Atlético Tucumán;45;Kevin Ortiz;Pivote;18/09/2000;26;Argentina;1,70m;Derecho;06/07/2025;CA Rosario Central;31/12/2026;1,00 mill. €
Club Atlético Tucumán;5;Julián Fernández;Pivote;22/03/1995;31;Argentina;1,73m;Derecho;17/07/2026;CD Palestino;31/12/2026;400 mil €
Club Atlético Tucumán;8;Ezequiel Ham;Mediocentro;10/03/1994;32;Siria / Argentina;1,73m;Derecho;14/01/2026;Atlético Clube Goianiense;31/12/2026;500 mil €
Club Atlético Tucumán;37;Ezequiel Godoy;Mediocentro;09/10/2003;22;Argentina;1,72m;Izquierdo;01/01/2025;CA San Lorenzo de Almagro II;31/12/2027;-
Club Atlético Tucumán;11;Renzo Tesuri;Interior derecho;07/06/1996;30;Argentina;1,70m;Derecho;01/07/2021;CD Godoy Cruz Antonio Tomba;31/12/2028;1,00 mill. €
Club Atlético Tucumán;28;Gabriel Compagnucci;Interior derecho;29/08/1991;35;Argentina / Italia;1,79m;Derecho;14/01/2026;CA Belgrano;31/12/2027;125 mil €
Club Atlético Tucumán;31;Lautaro Godoy;Mediocentro ofensivo;15/03/2003;23;Argentina;1,69m;Derecho;18/07/2024;CA River Plate II;31/12/2027;1,20 mill. €
Club Atlético Tucumán;7;Martín Benítez;Mediocentro ofensivo;17/06/1994;32;Argentina;1,75m;Derecho;01/01/2026;Goiás EC;31/12/2026;400 mil €
Club Atlético Tucumán;10;Franco Nicola;Extremo izquierdo;18/04/2002;24;Uruguay;1,78m;Izquierdo;21/08/2024;Liverpool FC Montevideo;31/12/2026;650 mil €
Club Atlético Tucumán;23;Nicolás Laméndola;Extremo derecho;12/12/1998;27;Argentina;1,78m;Derecho;01/01/2020;Club Atlético Tucumán U20;31/12/2026;1,50 mill. €
Club Atlético Tucumán;22;Facundo Pimienta;Extremo derecho;17/07/2003;23;Argentina;1,63m;Derecho;01/01/2025;Club Atlético Tucumán II;-;25 mil €
Club Atlético Tucumán;9;Leandro Díaz;Delantero centro;06/06/1992;34;Argentina;1,84m;Derecho;11/02/2025;CA Lanús;31/12/2026;400 mil €
Club Atlético Tucumán;18;Ramiro Ruiz Rodríguez;Delantero centro;21/03/2000;26;Argentina;1,85m;Derecho;10/08/2020;Club Atlético Tucumán II;31/12/2026;400 mil €
Club Atlético Tucumán;35;Gabriel Abeldaño;Delantero centro;09/04/2005;21;Argentina;1,78m;Derecho;01/01/2026;Club Atlético Tucumán II;31/12/2027;225 mil €
Club Atlético Tucumán;14;Alexis Canelo;Delantero centro;03/02/1992;34;Argentina;1,78m;Derecho;27/07/2026;Club Puebla;31/12/2027;150 mil €
Club Atlético Tucumán;30;Manuel Brondo;Delantero centro;25/02/2002;24;Argentina;1,78m;Derecho;14/01/2026;AA Argentinos Juniors;31/12/2026;25 mil €
Sarmiento;12;Thyago Ayala;Portero;07/09/2001;25;Argentina;1,88m;Derecho;01/07/2024;CA Sarmiento (JunÍn) II;31/12/2026;700 mil €
Sarmiento;1;Iván Arboleda;Portero;21/04/1996;30;Colombia;1,85m;Derecho;13/07/2026;Águilas Doradas;31/12/2027;300 mil €
Sarmiento;44;Renzo Orihuela;Defensa central;04/04/2001;25;Uruguay / Italia;1,84m;Derecho;17/01/2025;Montevideo City Torque;31/12/2026;800 mil €
Sarmiento;3;Lucas Suárez;Defensa central;17/03/1995;31;Argentina;1,84m;Izquierdo;14/01/2026;CA Talleres;31/12/2026;400 mil €
Sarmiento;20;Ulises Giménez;Defensa central;01/01/2006;20;Argentina;1,85m;Derecho;01/08/2026;CA River Plate;30/06/2027;225 mil €
Sarmiento;6;Gastón Arturia;Defensa central;29/10/1999;26;Argentina;1,83m;Derecho;14/01/2026;CA Unión (Santa Fe);31/12/2026;200 mil €
Sarmiento;34;Agustín Seyral;Defensa central;31/01/2005;21;Argentina;1,88m;Derecho;01/01/2025;CA Sarmiento (JunÍn) II;31/12/2027;150 mil €
Sarmiento;2;Juan Manuel Insaurralde;Defensa central;03/10/1984;41;Argentina;1,87m;Izquierdo;03/01/2023;CA Independiente;31/12/2026;75 mil €
Sarmiento;39;Joel Godoy;Lateral izquierdo;20/02/2005;21;Argentina;1,85m;Izquierdo;01/01/2025;CA Sarmiento (JunÍn) II;31/12/2027;600 mil €
Sarmiento;33;Gabriel Díaz;Lateral izquierdo;19/04/2000;26;Argentina;1,75m;Izquierdo;01/01/2023;CA Sarmiento (JunÍn) II;31/12/2026;450 mil €
Sarmiento;77;Nicolás Pasquini;Lateral izquierdo;02/01/1991;35;Argentina / Italia;1,77m;Izquierdo;06/03/2026;Club Sporting Cristal;31/12/2026;150 mil €
Sarmiento;29;Thiago Santamaría;Lateral derecho;04/04/2003;23;Argentina / España;1,75m;Derecho;18/01/2026;AA Argentinos Juniors;31/12/2026;800 mil €
Sarmiento;4;Juan Manuel Cabrera;Lateral derecho;10/03/2000;26;Argentina;1,80m;;14/01/2026;AA Argentinos Juniors;31/12/2026;150 mil €
Sarmiento;17;Jeremías Vallejos;Lateral derecho;14/04/2003;23;Argentina;1,75m;;01/01/2025;CA Sarmiento (JunÍn) II;31/12/2026;50 mil €
Sarmiento;5;Manuel García;Pivote;11/06/1999;27;Argentina;1,80m;Derecho;01/01/2023;CA Sarmiento (JunÍn) II;31/12/2027;500 mil €
Sarmiento;17;Agustín Nadruz;Pivote;29/06/1996;30;Uruguay / España;1,83m;Derecho;06/08/2026;CD Cobresal;31/12/2027;500 mil €
Sarmiento;25;Carlos Villalba;Pivote;19/07/1998;28;Argentina;1,75m;Derecho;15/02/2025;CA Talleres;31/12/2026;450 mil €
Sarmiento;23;Elián Giménez;Pivote;23/03/2004;22;Argentina;1,75m;Derecho;04/07/2026;CA River Plate;31/12/2027;400 mil €
Sarmiento;14;Mauricio Martínez;Pivote;20/02/1993;33;Argentina;1,86m;Derecho;29/01/2026;CA Rosario Central;31/12/2026;375 mil €
Sarmiento;15;Cristian Zabala;Mediocentro;04/03/1998;28;Argentina;1,87m;Derecho;14/01/2026;Independiente del Valle;31/12/2026;900 mil €
Sarmiento;8;Santiago Salle;Interior derecho;04/06/2004;22;Argentina;1,85m;Derecho;14/01/2026;CA Independiente;31/12/2026;1,20 mill. €
Sarmiento;21;Julián Mavilla;Mediocentro ofensivo;27/04/2000;26;Argentina;1,80m;Izquierdo;15/07/2026;CA Belgrano;31/12/2027;1,30 mill. €
Sarmiento;18;Osmar Giménez;Mediocentro ofensivo;25/03/2007;19;Paraguay;1,75m;Derecho;23/01/2026;Club General Caballero (JLM);31/12/2026;500 mil €
Sarmiento;22;Gastón González;Extremo izquierdo;27/06/2001;25;Argentina;1,83m;Izquierdo;06/07/2025;CSD Defensa y Justicia;31/12/2026;900 mil €
Sarmiento;26;Yair Arismendi;Extremo izquierdo;05/04/1998;28;Argentina;1,75m;Izquierdo;01/01/2023;AA Estudiantes (Río Cuarto);31/12/2026;175 mil €
Sarmiento;10;Jhon Rentería;Extremo derecho;24/10/2005;20;Colombia;1,80m;Izquierdo;01/01/2026;CA Sarmiento (JunÍn) II;30/12/2027;500 mil €
Sarmiento;19;Julián Contrera;Extremo derecho;10/05/2003;23;Argentina;1,67m;Derecho;06/07/2025;CA Newell's Old Boys;31/12/2026;500 mil €
Sarmiento;27;Junior Marabel;Delantero centro;26/03/1998;28;Paraguay;1,86m;Derecho;14/01/2026;CA Unión (Santa Fe);31/12/2026;3,00 mill. €
Sarmiento;24;Jonathan Herrera;Delantero centro;16/09/1991;35;Argentina;1,75m;Izquierdo;18/07/2026;Club Deportivo Riestra;31/12/2027;300 mil €
Sarmiento;7;Pablo Magnin;Delantero centro;25/04/1990;36;Argentina;1,76m;Derecho;20/01/2025;Deportivo Cuenca;31/12/2026;100 mil €
Sarmiento;9;Diego Churín;Delantero centro;01/12/1989;36;Argentina;1,87m;Ambidiestro;14/01/2026;Universitario de Deportes;31/12/2026;75 mil €
Sarmiento;40;Brandon Márquez;Delantero centro;22/02/2005;21;Argentina;1,84m;Derecho;01/01/2025;CA Sarmiento (JunÍn) II;30/06/2028;25 mil €
Banfield;25;Gino Santilli;Portero;26/10/2001;24;Argentina;1,91m;Derecho;01/07/2023;CA Banfield II;31/12/2027;800 mil €
Banfield;50;Diego Rodríguez;Portero;25/06/1989;37;Argentina / España;1,84m;Izquierdo;22/08/2026;AA Argentinos Juniors;31/12/2027;200 mil €
Banfield;31;Joaquín Molina;Portero;07/06/2004;22;Argentina;1,80m;;01/01/2025;CA Banfield II;31/12/2026;-
Banfield;6;Nicolás Meriano;Defensa central;09/11/2000;25;Argentina / Italia;1,90m;Izquierdo;31/08/2025;CA Belgrano;31/12/2026;700 mil €
Banfield;37;Renzo Malanca;Defensa central;06/05/2003;23;Argentina / Italia;1,85m;Derecho;19/08/2026;CD Huachipato;31/12/2029;650 mil €
Banfield;13;Brandon Oviedo;Defensa central;25/01/2005;21;Argentina;1,83m;Derecho;01/01/2025;CA Banfield II;31/12/2027;300 mil €
Banfield;34;Santiago Daniele;Defensa central;22/11/2005;20;Argentina;1,83m;;04/01/2025;CA Chacarita Juniors;31/12/2026;225 mil €
Banfield;14;Nehuén Paz;Defensa central;28/04/1993;33;Argentina / Italia;1,92m;Izquierdo;17/08/2026;CA Huracán;31/12/2027;175 mil €
Banfield;27;Ignacio Abraham;Lateral izquierdo;12/01/1998;28;Siria / Argentina;1,74m;Izquierdo;14/01/2026;AA Estudiantes (Río Cuarto);31/12/2028;1,50 mill. €
Banfield;19;Lautaro Cano;Lateral izquierdo;22/08/2002;24;Argentina / Italia;1,70m;Izquierdo;14/08/2026;CA Vélez Sarsfield;31/12/2027;250 mil €
Banfield;4;Juan Luis Alfaro;Lateral derecho;16/10/1999;26;Argentina;1,77m;Derecho;06/07/2025;Club Nacional Asunción;31/12/2026;200 mil €
Banfield;29;Juan Iribarren;Lateral derecho;22/01/2003;23;Argentina / España;1,74m;Derecho;01/01/2024;CA Banfield II;31/12/2026;50 mil €
Banfield;8;Lautaro Ríos;Pivote;09/10/2000;25;Argentina;1,82m;Derecho;01/07/2021;CA Banfield II;31/12/2026;450 mil €
Banfield;35;Ignacio Pais;Mediocentro;30/05/2000;26;Argentina / España;1,75m;Derecho;05/02/2026;Danubio FC;31/12/2027;800 mil €
Banfield;15;Santiago Esquivel;Mediocentro;02/01/2004;22;Argentina;1,75m;Derecho;01/07/2024;CA Banfield II;31/12/2027;350 mil €
Banfield;21;Lautaro Villegas;Mediocentro;30/12/2003;22;Argentina;1,78m;;01/01/2025;CA Banfield II;31/12/2027;325 mil €
Banfield;23;Lucas Palavecino;Mediocentro;18/10/2003;22;Argentina;1,74m;Derecho;01/01/2024;CA Banfield II;31/12/2027;25 mil €
Banfield;24;Santiago López García;Interior derecho;04/12/1997;28;Argentina;1,80m;Derecho;14/01/2026;CA Gimnasia y Esgrima (Mendoza);31/12/2028;1,80 mill. €
Banfield;20;Tomás Adoryán;Interior derecho;22/09/2001;25;Armenia / Argentina;1,77m;Derecho;01/07/2023;CA Banfield II;31/12/2027;350 mil €
Banfield;33;Neyder Moreno;Mediocentro ofensivo;09/02/1997;29;Colombia;1,75m;Derecho;06/02/2026;Atlético Bucaramanga;31/12/2026;450 mil €
Banfield;10;Lautaro Gómez;Mediocentro ofensivo;08/08/2003;23;Argentina;1,70m;Izquierdo;01/01/2024;CA Banfield II;31/12/2027;400 mil €
Banfield;11;Favio Álvarez;Mediocentro ofensivo;23/01/1993;33;Argentina;1,84m;Derecho;06/02/2026;Sin equipo;31/12/2026;50 mil €
Banfield;70;Manuel Arteaga;Mediocentro ofensivo;26/02/1999;27;Colombia;1,67m;Derecho;27/08/2026;CD América de Quito;31/12/2027;-
Banfield;7;Lisandro Piñero;Extremo izquierdo;15/07/2007;19;Argentina;1,69m;Derecho;01/01/2025;CA Banfield II;31/12/2027;400 mil €
Banfield;40;David Zalazar;Extremo izquierdo;09/05/2002;24;Argentina;1,77m;Izquierdo;09/02/2026;CA Talleres;31/12/2026;300 mil €
Banfield;18;Federico Medina;Extremo derecho;16/02/2004;22;Argentina;1,65m;Derecho;01/07/2024;CA Banfield II;31/12/2026;200 mil €
Banfield;77;Thomas Rodríguez;Extremo derecho;05/04/1996;30;Chile / Argentina;1,84m;Derecho;06/02/2026;CA Juventud;31/12/2028;100 mil €
Banfield;9;Adrián Balboa;Delantero centro;19/01/1994;32;Uruguay;1,85m;Derecho;06/09/2026;FC Nizhniy Novgorod;30/06/2027;500 mil €
Banfield;22;Alexander Machado;Delantero centro;28/05/2002;24;Uruguay;1,81m;Izquierdo;14/08/2026;CA Peñarol;30/06/2027;400 mil €
Banfield;30;Federico Anselmo;Delantero centro;11/06/1994;32;Argentina;1,86m;Derecho;06/02/2026;CA San Martín (San Juan);31/12/2026;100 mil €
Banfield;28;Matías Hernández;Delantero centro;06/01/2005;21;Argentina;1,78m;;14/08/2026;CA San Lorenzo de Almagro;31/12/2027;50 mil €
Riestra;1;Ignacio Arce;Portero;08/02/1992;34;Argentina;1,85m;Derecho;12/06/2023;CA Platense;31/12/2026;800 mil €
Riestra;23;Marino Arzamendia;Portero;19/01/1998;28;Paraguay;1,93m;Derecho;01/07/2026;Club Olimpia;31/12/2027;200 mil €
Riestra;12;Iván López;Portero;17/02/1996;30;Argentina;1,87m;Derecho;14/01/2026;Club Deportivo Armenio;31/12/2026;-
Riestra;24;Facundo Miño;Defensa central;16/10/1999;26;Argentina;1,85m;Derecho;02/01/2025;Club Almirante Brown;31/12/2026;900 mil €
Riestra;22;Cristian Paz;Defensa central;24/04/1995;31;Argentina;1,86m;Derecho;01/07/2024;FC Voluntari;31/12/2026;500 mil €
Riestra;19;Juan Randazzo;Defensa central;11/10/1994;31;Argentina;1,84m;Derecho;02/01/2025;Mushuc Runa SC;31/12/2026;300 mil €
Riestra;6;Ignacio Gariglio;Defensa central;25/04/1998;28;Argentina;1,89m;Derecho;01/07/2026;Club Bolívar;31/12/2028;275 mil €
Riestra;2;Carlos Quintana;Defensa central;11/02/1988;38;Argentina / España;1,90m;Ambidiestro;01/07/2026;CA Rosario Central;31/12/2027;75 mil €
Riestra;3;Eric Tovo;Defensa central;06/03/1992;34;Argentina;1,90m;Derecho;01/01/2025;Alianza Atlético Sullana;-;50 mil €
Riestra;4;Yeison Murillo;Defensa central;15/11/1989;36;Colombia;1,93m;Derecho;19/08/2017;CS Estudiantes (San Luis);31/12/2026;25 mil €
Riestra;5;Pedro Ramírez;Lateral izquierdo;04/04/2000;26;Argentina;1,75m;Derecho;15/01/2026;CSD Defensa y Justicia;31/12/2028;800 mil €
Riestra;13;Rodrigo Gallo;Lateral izquierdo;04/11/2000;25;Argentina;1,78m;Izquierdo;21/01/2025;Club de Gimnasia y Esgrima La Plata;31/12/2026;250 mil €
Riestra;36;Mariano Bracamonte;Lateral derecho;24/04/1999;27;Argentina;1,77m;Derecho;14/01/2026;Club Deportivo Morón;31/12/2027;500 mil €
Riestra;15;Nicolás Sansotre;Lateral derecho;08/09/1993;33;Argentina;1,82m;Derecho;10/01/2024;CA San Martín (Tucumán);31/12/2026;300 mil €
Riestra;16;Nicolás Watson;Pivote;22/05/1998;28;Argentina;1,75m;Derecho;14/01/2026;Instituto ACC;31/12/2026;600 mil €
Riestra;27;Yonatan Goitía;Pivote;08/02/1994;32;Argentina;1,75m;Derecho;01/01/2019;CA San Martín (San Juan) II;31/12/2026;325 mil €
Riestra;14;Pablo Monje;Mediocentro;06/02/1997;29;Argentina;1,72m;;08/01/2024;CSC Deportivo Laferrere;31/12/2028;600 mil €
Riestra;8;Milton Céliz;Mediocentro;25/07/1992;34;Argentina;1,83m;Derecho;01/01/2023;Club Almirante Brown;-;200 mil €
Riestra;10;Braian Sánchez;Mediocentro ofensivo;11/06/1993;33;Argentina;1,70m;Derecho;01/06/2024;CA Temperley;30/06/2027;100 mil €
Riestra;31;Mauro Smarra;Mediocentro ofensivo;30/04/1999;27;Argentina;1,66m;Izquierdo;02/01/2025;CDSC Villa Corina;31/12/2026;100 mil €
Riestra;20;Thiago Lauro;Mediocentro ofensivo;24/05/2005;21;Argentina;1,78m;Derecho;10/07/2026;Club Deportivo Morón;31/12/2027;10 mil €
Riestra;-;Gonzalo Bravo;Mediocentro ofensivo;18/05/1990;36;Argentina;1,72m;Derecho;02/01/2018;Al-Fujairah SC;31/12/2026;-
Riestra;17;Ángel Almada;Extremo izquierdo;21/09/2000;26;Argentina;1,82m;Izquierdo;14/07/2026;Club Tristán Suárez;31/12/2027;200 mil €
Riestra;35;Ángel Stringa;Extremo izquierdo;06/04/1996;30;Argentina;1,80m;Derecho;06/07/2025;Arsenal FC;31/12/2026;100 mil €
Riestra;40;Gabriel Obredor;Extremo derecho;06/01/1997;29;Argentina;1,93m;Derecho;02/01/2025;Club Villa Mitre;31/12/2026;175 mil €
Riestra;11;Alexander Díaz;Delantero centro;22/03/2000;26;Argentina;1,72m;Izquierdo;22/01/2025;CA San Lorenzo de Almagro;31/12/2028;1,20 mill. €
Riestra;7;Antony Alonso;Delantero centro;11/05/1998;28;Uruguay / Argentina;1,90m;Izquierdo;14/01/2026;ASD Justo José de Urquiza;31/12/2029;1,00 mill. €
Riestra;21;Tomás González;Delantero centro;18/05/2003;23;Argentina;1,68m;Derecho;01/07/2026;CA Unión (Santa Fe);31/12/2027;500 mil €
Riestra;9;Nicolás Benegas;Delantero centro;01/03/1996;30;Argentina;1,86m;Derecho;14/01/2026;CA Defensores de Belgrano;31/12/2027;450 mil €
Riestra;29;Agustín Graneros;Delantero centro;28/04/1996;30;Argentina;1,80m;Derecho;01/07/2026;Deportivo Garcilaso;31/12/2027;450 mil €
Riestra;32;Gonzalo Flores;Delantero centro;22/02/2002;24;Argentina;1,75m;Derecho;13/02/2026;Club Almirante Brown;31/12/2026;200 mil €
Central Córdoba;1;Alan Aguerre;Portero;23/08/1990;36;Argentina;1,84m;Derecho;10/01/2025;CA Lanús;31/12/2026;175 mil €
Central Córdoba;25;Javier Vallejos;Portero;03/01/2003;23;Argentina;1,88m;Derecho;01/01/2024;CA Central Córdoba (SdE) II;31/12/2026;75 mil €
Central Córdoba;2;Alejandro Maciel;Defensa central;22/04/1997;29;Argentina / Italia;1,84m;Derecho;19/01/2026;Club Olimpia;31/12/2026;900 mil €
Central Córdoba;6;Facundo Mansilla;Defensa central;27/02/1999;27;Argentina;1,90m;Izquierdo;14/01/2026;CA Newell's Old Boys;31/12/2026;600 mil €
Central Córdoba;21;Felipe Aguilar;Defensa central;20/01/1993;33;Colombia;1,91m;Derecho;06/07/2026;Deportivo Cali;31/12/2027;200 mil €
Central Córdoba;17;Yuri Casermeiro;Defensa central;12/03/2002;24;Argentina;1,90m;;02/07/2024;CA Belgrano II;31/12/2026;175 mil €
Central Córdoba;42;Juan Pablo Pignani;Defensa central;02/07/2001;25;Argentina / Italia;1,90m;Derecho;06/07/2025;CA Platense;31/12/2026;125 mil €
Central Córdoba;26;Lucas Bernabéu;Defensa central;07/01/2004;22;Argentina;1,90m;Izquierdo;14/01/2026;CA Belgrano;31/12/2027;-
Central Córdoba;23;Darío Cáceres;Lateral izquierdo;26/01/1998;28;Paraguay;1,74m;Izquierdo;01/07/2026;CSD Defensa y Justicia;31/12/2027;200 mil €
Central Córdoba;3;Leonardo Marchi;Lateral izquierdo;17/09/1996;30;Argentina;1,80m;Izquierdo;22/01/2024;Giouchtas FC;31/12/2026;25 mil €
Central Córdoba;33;Santiago Moyano;Lateral derecho;23/09/1997;29;Argentina;1,74m;Derecho;14/01/2026;Club Deportivo Maipú;31/12/2027;600 mil €
Central Córdoba;20;Fernando Martínez;Lateral derecho;27/07/2000;26;Argentina;1,77m;Derecho;01/07/2024;CA Central Córdoba (SdE) II;31/12/2026;400 mil €
Central Córdoba;13;José Gómez;Lateral derecho;06/03/2000;26;Argentina;1,73m;Derecho;01/07/2023;CA Central Córdoba (SdE) II;31/12/2026;150 mil €
Central Córdoba;22;Matías Vera;Pivote;26/10/1995;30;Argentina;1,70m;Derecho;06/07/2025;Sin equipo;31/12/2027;700 mil €
Central Córdoba;5;Tiago Cravero;Pivote;03/10/2002;23;Argentina;1,74m;Derecho;14/01/2026;CA Belgrano;31/12/2026;250 mil €
Central Córdoba;18;Lucas González;Mediocentro;03/06/2000;26;Argentina;1,69m;Derecho;14/01/2026;CSD Defensa y Justicia;31/12/2026;1,30 mill. €
Central Córdoba;8;Fernando Juárez;Mediocentro;23/08/1998;28;Argentina;1,77m;Derecho;06/07/2025;CA Platense;31/12/2026;600 mil €
Central Córdoba;55;Juan Cardozo;Mediocentro;24/02/2004;22;Paraguay / Argentina;1,75m;Derecho;17/02/2026;AA Argentinos Juniors;31/12/2026;200 mil €
Central Córdoba;10;Marco Iacobellis;Mediocentro ofensivo;27/12/1999;26;Argentina / Italia;1,72m;Izquierdo;14/01/2026;CA All Boys;31/12/2026;700 mil €
Central Córdoba;11;Horacio Tijanovich;Extremo izquierdo;28/02/1996;30;Argentina / Uruguay;1,73m;Derecho;14/01/2026;CA San Martín (San Juan);31/12/2026;250 mil €
Central Córdoba;29;Joaquín Flores;Extremo izquierdo;28/05/2005;21;Argentina;1,68m;Izquierdo;14/01/2026;CA River Plate II;31/12/2026;50 mil €
Central Córdoba;7;Diego Barrera;Extremo derecho;28/06/2004;22;Argentina;1,71m;Derecho;21/01/2025;CA Talleres;31/12/2026;800 mil €
Central Córdoba;28;Leonardo Sequeira;Extremo derecho;26/04/1995;31;Argentina;1,77m;Derecho;21/07/2026;CA Huracán;31/12/2026;350 mil €
Central Córdoba;19;Ezequiel Naya;Delantero centro;04/08/2001;25;Argentina;1,91m;Derecho;14/01/2026;Club Estudiantes de La Plata;31/12/2026;400 mil €
Central Córdoba;27;Michael Santos;Delantero centro;13/03/1993;33;Uruguay;1,74m;Derecho;28/01/2026;CA Vélez Sarsfield;31/12/2026;350 mil €
Central Córdoba;9;Lucas Varaldo;Delantero centro;24/02/2002;24;Argentina;1,76m;Derecho;28/06/2024;CA Lanús;31/12/2026;250 mil €
Central Córdoba;37;Alan Daian Laprida;Delantero centro;30/09/2004;21;Argentina;1,77m;Izquierdo;27/01/2026;CA Independiente II;31/12/2026;100 mil €
Central Córdoba;47;Martín Cuitiño;Delantero centro;19/05/2005;21;Argentina;-;Izquierdo;01/07/2026;CA Central Córdoba (SdE) II;31/12/2027;50 mil €
Aldosivi;42;Lucas Acosta;Portero;12/03/1995;31;Argentina;1,87m;Derecho;01/07/2026;CA Lanús;31/12/2027;600 mil €
Aldosivi;23;Ignacio Chicco;Portero;30/06/1996;30;Argentina;1,84m;Izquierdo;14/01/2026;CA Belgrano;31/12/2027;250 mil €
Aldosivi;-;Sebastián Moyano;Portero;26/08/1990;36;Argentina;1,88m;Derecho;16/07/2025;Sin equipo;31/12/2026;75 mil €
Aldosivi;33;Nicolás Zalazar;Defensa central;29/01/1997;29;Argentina;1,85m;Derecho;28/01/2026;Instituto ACC;31/12/2026;800 mil €
Aldosivi;32;Joaquín Pombo;Defensa central;18/03/2001;25;Argentina / Italia;1,91m;Derecho;01/07/2026;Independiente del Valle;31/12/2027;450 mil €
Aldosivi;28;Santiago Moya;Defensa central;13/06/2003;23;Argentina;1,87m;Derecho;17/07/2025;CA Huracán;31/12/2026;300 mil €
Aldosivi;25;Néstor Breitenbruch;Defensa central;13/09/1995;31;Argentina;1,83m;Derecho;22/01/2025;Club Atlético Tucumán;31/12/2026;250 mil €
Aldosivi;2;Leonardo Sigali;Defensa central;29/05/1987;39;Argentina;1,82m;Derecho;14/07/2026;NK Lokomotiva Zagreb;31/12/2027;50 mil €
Aldosivi;17;Federico Laurelli;Defensa central;10/07/2004;22;Argentina;1,87m;Izquierdo;14/01/2026;CA Chacarita Juniors;31/12/2028;25 mil €
Aldosivi;13;Braian Cufré;Lateral izquierdo;15/12/1996;29;Argentina;1,79m;Izquierdo;04/08/2026;Clube do Remo (PA);31/12/2027;1,00 mill. €
Aldosivi;-;Lucas Rodríguez;Lateral izquierdo;27/09/1993;32;Argentina;1,68m;Izquierdo;14/01/2026;Instituto ACC;31/12/2026;175 mil €
Aldosivi;4;Rodrigo González;Lateral derecho;14/04/2000;26;Argentina;1,75m;Derecho;31/01/2024;CA Rosario Central II;31/12/2026;375 mil €
Aldosivi;14;Elías López;Lateral derecho;08/07/2000;26;Argentina;1,78m;Derecho;01/07/2026;CA San Martín (Tucumán);30/06/2027;225 mil €
Aldosivi;5;Nicolás Linares;Pivote;06/03/1996;30;Argentina;1,75m;Derecho;10/07/2026;CA Gimnasia y Esgrima (Mendoza);31/12/2027;400 mil €
Aldosivi;-;Roberto Bochi;Pivote;06/07/1987;39;Argentina / Italia;1,75m;Derecho;09/01/2025;Instituto ACC;31/12/2026;25 mil €
Aldosivi;15;Francisco Perruzzi;Mediocentro;09/02/2001;25;Argentina;1,77m;Derecho;31/07/2026;CA San Lorenzo de Almagro;31/12/2027;200 mil €
Aldosivi;-;Federico Gino;Mediocentro;26/02/1993;33;Uruguay / Italia;1,76m;Derecho;06/07/2025;AE Kifisia;31/12/2026;150 mil €
Aldosivi;8;Martín García;Mediocentro;06/08/2005;21;Argentina;1,82m;Derecho;01/07/2025;CA Aldosivi II;31/12/2027;150 mil €
Aldosivi;19;Lucas Castro;Mediocentro ofensivo;09/04/1989;37;Argentina;1,82m;Derecho;01/07/2026;Club de Gimnasia y Esgrima La Plata;31/12/2027;125 mil €
Aldosivi;-;Lautaro Chávez;Mediocentro ofensivo;17/01/2001;25;Argentina;1,75m;Derecho;23/01/2025;Club de Gimnasia y Esgrima La Plata;31/12/2026;50 mil €
Aldosivi;10;Nico Gaitán;Mediocentro ofensivo;23/02/1988;38;Argentina;1,74m;Izquierdo;27/07/2026;inactivo;31/12/2027;50 mil €
Aldosivi;21;Matías Godoy;Extremo izquierdo;10/01/2002;24;Argentina;1,76m;Derecho;01/07/2026;Club Estudiantes de La Plata;31/12/2027;450 mil €
Aldosivi;22;Alan Sosa;Extremo izquierdo;05/05/2003;23;Argentina;1,80m;;14/01/2026;Club de Gimnasia y Esgrima La Plata;31/12/2026;450 mil €
Aldosivi;11;Agustín Palavecino;Extremo izquierdo;09/03/2003;23;Argentina;1,85m;Derecho;06/01/2025;Club Estudiantes de La Plata;31/12/2026;250 mil €
Aldosivi;27;Tomás Fernández;Extremo derecho;11/02/1998;28;Argentina;1,76m;Derecho;14/01/2026;CA Boca Juniors;31/12/2026;325 mil €
Aldosivi;7;Natanael Guzmán;Extremo derecho;11/08/1999;27;Argentina;1,71m;Derecho;15/01/2024;Club Plaza Colonia;31/12/2026;175 mil €
Aldosivi;29;Andrés Vombergar;Delantero centro;20/11/1994;31;Eslovenia / Argentina;1,88m;Derecho;28/07/2026;Sin equipo;31/12/2027;2,00 mill. €
Aldosivi;9;Nicolás Cordero;Delantero centro;11/04/1999;27;Argentina;1,85m;Derecho;16/01/2026;CA Huracán;31/12/2027;300 mil €
Aldosivi;16;Bautista Dadín;Delantero centro;20/05/2006;20;Argentina;1,79m;Ambidiestro;04/07/2026;CA River Plate;31/12/2027;250 mil €
Aldosivi;18;Andrés Chávez;Delantero centro;21/03/1991;35;Argentina;1,84m;Izquierdo;16/07/2026;Club Almagro;31/12/2027;50 mil €
Estudiantes (Río Cuarto);1;Lucas Bruera;Portero;19/10/1997;28;Argentina;1,88m;Derecho;01/07/2026;Carabobo FC;30/06/2027;900 mil €
Estudiantes (Río Cuarto);43;Agustín Lastra;Portero;02/01/2001;25;Argentina;1,93m;Derecho;16/01/2026;CA Boca Juniors;31/12/2026;200 mil €
Estudiantes (Río Cuarto);12;Francisco Gualtieri;Portero;17/03/2003;23;Argentina;1,84m;;22/01/2025;CA Talleres II;31/12/2026;-
Estudiantes (Río Cuarto);29;Agustín Quiroga;Defensa central;06/04/2002;24;Argentina;1,79m;Izquierdo;01/07/2026;CA Independiente;31/12/2027;300 mil €
Estudiantes (Río Cuarto);6;Juan Antonini;Defensa central;04/03/1999;27;Argentina / Italia;1,87m;Derecho;10/01/2025;CA Colón;31/12/2026;250 mil €
Estudiantes (Río Cuarto);31;Matías Valenti;Defensa central;03/09/2002;24;Argentina;1,84m;Izquierdo;14/01/2026;CS Independiente Rivadavia;31/12/2026;200 mil €
Estudiantes (Río Cuarto);2;Gonzalo Maffini;Defensa central;17/01/1993;33;Argentina;1,91m;Derecho;01/01/2016;AA Estudiantes de Río Cuarto II;31/12/2026;150 mil €
Estudiantes (Río Cuarto);30;Sergio Ojeda;Defensa central;04/01/1992;34;Argentina;1,83m;Derecho;01/01/2025;Club Nacional Asunción;31/12/2026;50 mil €
Estudiantes (Río Cuarto);3;Lucas Baños;Defensa central;09/05/2005;21;Argentina;1,92m;Derecho;27/07/2026;CA Newell's Old Boys II;-;-
Estudiantes (Río Cuarto);28;Facundo Cobos;Lateral izquierdo;19/02/1993;33;Argentina;1,78m;Izquierdo;14/01/2025;Academia Puerto Cabello;31/12/2026;150 mil €
Estudiantes (Río Cuarto);23;Fernando Rodríguez;Lateral izquierdo;05/10/2000;25;Argentina;1,82m;Izquierdo;01/07/2026;FADEP (Mendoza);31/12/2027;75 mil €
Estudiantes (Río Cuarto);14;Gonzalo González;Lateral derecho;15/04/2003;23;Argentina;1,81m;Derecho;01/07/2026;Club de Gimnasia y Esgrima La Plata;31/12/2027;325 mil €
Estudiantes (Río Cuarto);4;Valentín Fenoglio;Lateral derecho;26/09/2003;22;Argentina;1,70m;Derecho;01/01/2024;AA Estudiantes de Río Cuarto II;31/12/2028;200 mil €
Estudiantes (Río Cuarto);45;Raúl Lozano;Lateral derecho;02/09/1997;29;Argentina;1,79m;Derecho;27/01/2026;Quilmes AC;31/12/2026;200 mil €
Estudiantes (Río Cuarto);21;Matías Ruiz Díaz;Lateral derecho;09/09/1996;30;Argentina;1,79m;Derecho;20/01/2025;CS Independiente Rivadavia;31/12/2026;175 mil €
Estudiantes (Río Cuarto);8;Siro Rosané;Pivote;07/06/2000;26;Argentina;1,79m;Derecho;14/01/2026;CA Barracas Central;31/12/2026;600 mil €
Estudiantes (Río Cuarto);5;Alejandro Cabrera;Pivote;30/09/1992;33;Argentina;1,82m;Derecho;01/01/2025;CA Banfield;31/12/2026;250 mil €
Estudiantes (Río Cuarto);13;Francisco Romero;Mediocentro;08/03/1999;27;Argentina;1,78m;Derecho;14/01/2026;Deportes Limache;31/12/2026;350 mil €
Estudiantes (Río Cuarto);19;Nicolás Talpone;Interior derecho;09/04/1996;30;Argentina;1,65m;Derecho;20/01/2026;CA Colón;31/12/2026;275 mil €
Estudiantes (Río Cuarto);17;Gabriel Alanís;Interior izquierdo;16/03/1994;32;Argentina / Italia;1,86m;Izquierdo;14/01/2026;CA Huracán;31/12/2026;350 mil €
Estudiantes (Río Cuarto);10;Tomás González;Mediocentro ofensivo;01/11/1998;27;Argentina;1,81m;Ambidiestro;08/01/2025;CA Douglas Haig;31/12/2026;450 mil €
Estudiantes (Río Cuarto);40;Francesco Lo Celso;Mediocentro ofensivo;05/03/2000;26;Argentina / Italia;1,75m;Izquierdo;23/03/2026;CA Rosario Central;31/12/2026;25 mil €
Estudiantes (Río Cuarto);22;Mauro Valiente;Extremo izquierdo;26/01/2000;26;Argentina;1,79m;Derecho;01/01/2023;CA Talleres;31/12/2026;175 mil €
Estudiantes (Río Cuarto);77;Ibrahim Hesar;Extremo izquierdo;15/11/1993;32;Siria / Argentina;1,83m;Derecho;18/07/2026;Sin equipo;-;100 mil €
Estudiantes (Río Cuarto);99;Juan Chala;Extremo derecho;04/03/2004;22;Colombia;-;;01/08/2026;Deportes Quindío;-;300 mil €
Estudiantes (Río Cuarto);27;Juan Garro;Extremo derecho;24/11/1992;33;Argentina;1,79m;Izquierdo;01/07/2026;Sin equipo;-;100 mil €
Estudiantes (Río Cuarto);32;Mateo Bajamich;Delantero centro;03/08/1999;27;Argentina / Croacia;1,78m;Derecho;14/01/2026;Club Atlético Tucumán;31/12/2026;600 mil €
Estudiantes (Río Cuarto);11;Martín Garnerone;Delantero centro;28/09/1998;27;Argentina / Italia;1,77m;Derecho;02/01/2025;CA Belgrano;31/12/2026;350 mil €
Estudiantes (Río Cuarto);7;Lucas González;Delantero centro;27/07/1997;29;Argentina;1,85m;Derecho;01/01/2025;CA Aldosivi;31/12/2026;200 mil €
Estudiantes (Río Cuarto);16;Yeison Moreno;Delantero centro;08/04/1997;29;Colombia;1,88m;Derecho;01/07/2026;Al-Ahly SC;31/12/2027;200 mil €
Estudiantes (Río Cuarto);9;Javier Ferreira;Delantero centro;15/02/1992;34;Paraguay / Argentina;1,85m;Derecho;13/02/2025;CA Acción Juvenil TG (General Deheza);31/12/2026;50 mil €
Estudiantes (Río Cuarto);-;Mauro Molina;Delantero centro;29/07/1999;27;Argentina;1,83m;Derecho;27/01/2026;CS Dock Sud;31/12/2026;25 mil €
Estudiantes (Río Cuarto);50;Ramón Ábila;Delantero centro;14/10/1989;36;Argentina;1,77m;Derecho;27/01/2026;CA Huracán;31/12/2026;25 mil €
